ZoneId	TimestampUtc	Timestamp	TimeZoneId	Capacity	Vehicles	Violations	ViolationsEnforced
859835AD-E855-4DBF-83ED-419DEF40537C	3/26/2024 22:29	29:00.0	Pacific Standard Time	1189	753	78	26
33B31206-E1F8-44CE-87A5-318C6D198416	29:00.0	29:00.0	Pacific Standard Time	807	522	73	13
3B3F3EC1-5D84-4C80-9CAD-2CCC9A9268A4	29:00.0	29:00.0	Pacific Standard Time	687	444	73	3
1B3D7D69-A1D0-4B8B-B86A-D31F8CFF2B2E	28:00.0	28:00.0	Pacific Standard Time	216	133	74	0
7A5B3916-AD6C-445E-A6C5-BC582EB20530	28:00.0	28:00.0	Pacific Standard Time	1100	877	55	4
E10D7DB4-C792-42AC-BAE8-969FA63F198D	28:00.0	28:00.0	Pacific Standard Time	1232	728	64	14
ACF9CF85-6991-42B9-9467-6094008D1094	28:00.0	28:00.0	Pacific Standard Time	990	530	117	65
859835AD-E855-4DBF-83ED-419DEF40537C	28:00.0	28:00.0	Pacific Standard Time	1189	758	79	26
33B31206-E1F8-44CE-87A5-318C6D198416	28:00.0	28:00.0	Pacific Standard Time	807	524	74	13
3B3F3EC1-5D84-4C80-9CAD-2CCC9A9268A4	28:00.0	28:00.0	Pacific Standard Time	687	447	73	3
1B3D7D69-A1D0-4B8B-B86A-D31F8CFF2B2E	27:00.0	27:00.0	Pacific Standard Time	216	134	72	0
7A5B3916-AD6C-445E-A6C5-BC582EB20530	27:00.0	27:00.0	Pacific Standard Time	1100	876	55	4
E10D7DB4-C792-42AC-BAE8-969FA63F198D	27:00.0	27:00.0	Pacific Standard Time	1232	731	60	14
ACF9CF85-6991-42B9-9467-6094008D1094	27:00.0	27:00.0	Pacific Standard Time	990	530	116	65
859835AD-E855-4DBF-83ED-419DEF40537C	27:00.0	27:00.0	Pacific Standard Time	1189	760	79	26
33B31206-E1F8-44CE-87A5-318C6D198416	27:00.0	27:00.0	Pacific Standard Time	807	527	74	13
3B3F3EC1-5D84-4C80-9CAD-2CCC9A9268A4	27:00.0	27:00.0	Pacific Standard Time	687	448	73	3
1B3D7D69-A1D0-4B8B-B86A-D31F8CFF2B2E	26:00.0	26:00.0	Pacific Standard Time	216	132	72	0
7A5B3916-AD6C-445E-A6C5-BC582EB20530	26:00.0	26:00.0	Pacific Standard Time	1100	876	55	4
E10D7DB4-C792-42AC-BAE8-969FA63F198D	26:00.0	26:00.0	Pacific Standard Time	1232	732	60	14
ACF9CF85-6991-42B9-9467-6094008D1094	26:00.0	26:00.0	Pacific Standard Time	990	533	117	65
859835AD-E855-4DBF-83ED-419DEF40537C	26:00.0	26:00.0	Pacific Standard Time	1189	762	79	26
33B31206-E1F8-44CE-87A5-318C6D198416	26:00.0	26:00.0	Pacific Standard Time	807	533	75	13
3B3F3EC1-5D84-4C80-9CAD-2CCC9A9268A4	26:00.0	26:00.0	Pacific Standard Time	687	449	73	3
1B3D7D69-A1D0-4B8B-B86A-D31F8CFF2B2E	25:00.0	25:00.0	Pacific Standard Time	216	133	72	0
7A5B3916-AD6C-445E-A6C5-BC582EB20530	25:00.0	25:00.0	Pacific Standard Time	1100	878	55	4
E10D7DB4-C792-42AC-BAE8-969FA63F198D	25:00.0	25:00.0	Pacific Standard Time	1232	734	60	15
ACF9CF85-6991-42B9-9467-6094008D1094	25:00.0	25:00.0	Pacific Standard Time	990	534	117	65
859835AD-E855-4DBF-83ED-419DEF40537C	25:00.0	25:00.0	Pacific Standard Time	1189	763	79	26
33B31206-E1F8-44CE-87A5-318C6D198416	25:00.0	25:00.0	Pacific Standard Time	807	535	75	13
3B3F3EC1-5D84-4C80-9CAD-2CCC9A9268A4	25:00.0	25:00.0	Pacific Standard Time	687	450	74	3
1B3D7D69-A1D0-4B8B-B86A-D31F8CFF2B2E	24:00.0	24:00.0	Pacific Standard Time	216	132	72	0
7A5B3916-AD6C-445E-A6C5-BC582EB20530	24:00.0	24:00.0	Pacific Standard Time	1100	878	55	4
E10D7DB4-C792-42AC-BAE8-969FA63F198D	24:00.0	24:00.0	Pacific Standard Time	1232	739	61	15
ACF9CF85-6991-42B9-9467-6094008D1094	24:00.0	24:00.0	Pacific Standard Time	990	536	117	65
859835AD-E855-4DBF-83ED-419DEF40537C	24:00.0	24:00.0	Pacific Standard Time	1189	767	79	26
33B31206-E1F8-44CE-87A5-318C6D198416	24:00.0	24:00.0	Pacific Standard Time	807	537	75	13
3B3F3EC1-5D84-4C80-9CAD-2CCC9A9268A4	24:00.0	24:00.0	Pacific Standard Time	687	452	74	3
1B3D7D69-A1D0-4B8B-B86A-D31F8CFF2B2E	23:00.0	23:00.0	Pacific Standard Time	216	133	73	0
7A5B3916-AD6C-445E-A6C5-BC582EB20530	23:00.0	23:00.0	Pacific Standard Time	1100	878	55	4
E10D7DB4-C792-42AC-BAE8-969FA63F198D	23:00.0	23:00.0	Pacific Standard Time	1232	740	61	15
ACF9CF85-6991-42B9-9467-6094008D1094	23:00.0	23:00.0	Pacific Standard Time	990	536	117	65
859835AD-E855-4DBF-83ED-419DEF40537C	23:00.0	23:00.0	Pacific Standard Time	1189	773	79	26
33B31206-E1F8-44CE-87A5-318C6D198416	23:00.0	23:00.0	Pacific Standard Time	807	539	75	13
3B3F3EC1-5D84-4C80-9CAD-2CCC9A9268A4	23:00.0	23:00.0	Pacific Standard Time	687	453	75	3
1B3D7D69-A1D0-4B8B-B86A-D31F8CFF2B2E	22:00.0	22:00.0	Pacific Standard Time	216	132	73	0
7A5B3916-AD6C-445E-A6C5-BC582EB20530	22:00.0	22:00.0	Pacific Standard Time	1100	880	55	4
E10D7DB4-C792-42AC-BAE8-969FA63F198D	22:00.0	22:00.0	Pacific Standard Time	1232	743	60	15
ACF9CF85-6991-42B9-9467-6094008D1094	22:00.0	22:00.0	Pacific Standard Time	990	542	117	65
859835AD-E855-4DBF-83ED-419DEF40537C	22:00.0	22:00.0	Pacific Standard Time	1189	773	79	26
33B31206-E1F8-44CE-87A5-318C6D198416	22:00.0	22:00.0	Pacific Standard Time	807	538	75	13
3B3F3EC1-5D84-4C80-9CAD-2CCC9A9268A4	22:00.0	22:00.0	Pacific Standard Time	687	453	75	3
1B3D7D69-A1D0-4B8B-B86A-D31F8CFF2B2E	21:00.0	21:00.0	Pacific Standard Time	216	134	73	0
7A5B3916-AD6C-445E-A6C5-BC582EB20530	21:00.0	21:00.0	Pacific Standard Time	1100	882	55	4
E10D7DB4-C792-42AC-BAE8-969FA63F198D	21:00.0	21:00.0	Pacific Standard Time	1232	744	61	15
ACF9CF85-6991-42B9-9467-6094008D1094	21:00.0	21:00.0	Pacific Standard Time	990	541	117	65
859835AD-E855-4DBF-83ED-419DEF40537C	21:00.0	21:00.0	Pacific Standard Time	1189	775	80	26
33B31206-E1F8-44CE-87A5-318C6D198416	21:00.0	21:00.0	Pacific Standard Time	807	537	75	13
3B3F3EC1-5D84-4C80-9CAD-2CCC9A9268A4	21:00.0	21:00.0	Pacific Standard Time	687	454	75	3
1B3D7D69-A1D0-4B8B-B86A-D31F8CFF2B2E	20:00.0	20:00.0	Pacific Standard Time	216	134	73	0
7A5B3916-AD6C-445E-A6C5-BC582EB20530	20:00.0	20:00.0	Pacific Standard Time	1100	885	56	4
E10D7DB4-C792-42AC-BAE8-969FA63F198D	20:00.0	20:00.0	Pacific Standard Time	1232	743	61	15
ACF9CF85-6991-42B9-9467-6094008D1094	20:00.0	20:00.0	Pacific Standard Time	990	542	117	65
859835AD-E855-4DBF-83ED-419DEF40537C	20:00.0	20:00.0	Pacific Standard Time	1189	777	81	26
33B31206-E1F8-44CE-87A5-318C6D198416	20:00.0	20:00.0	Pacific Standard Time	807	538	75	13
3B3F3EC1-5D84-4C80-9CAD-2CCC9A9268A4	20:00.0	20:00.0	Pacific Standard Time	687	455	76	3
1B3D7D69-A1D0-4B8B-B86A-D31F8CFF2B2E	19:00.0	19:00.0	Pacific Standard Time	216	133	72	0
7A5B3916-AD6C-445E-A6C5-BC582EB20530	19:00.0	19:00.0	Pacific Standard Time	1100	888	56	4
E10D7DB4-C792-42AC-BAE8-969FA63F198D	19:00.0	19:00.0	Pacific Standard Time	1232	742	61	15
ACF9CF85-6991-42B9-9467-6094008D1094	19:00.0	19:00.0	Pacific Standard Time	990	544	117	65
859835AD-E855-4DBF-83ED-419DEF40537C	19:00.0	19:00.0	Pacific Standard Time	1189	779	81	26
33B31206-E1F8-44CE-87A5-318C6D198416	19:00.0	19:00.0	Pacific Standard Time	807	537	76	13
3B3F3EC1-5D84-4C80-9CAD-2CCC9A9268A4	19:00.0	19:00.0	Pacific Standard Time	687	456	76	3
1B3D7D69-A1D0-4B8B-B86A-D31F8CFF2B2E	18:00.0	18:00.0	Pacific Standard Time	216	134	72	0
7A5B3916-AD6C-445E-A6C5-BC582EB20530	18:00.0	18:00.0	Pacific Standard Time	1100	890	57	4
E10D7DB4-C792-42AC-BAE8-969FA63F198D	18:00.0	18:00.0	Pacific Standard Time	1232	743	60	15
ACF9CF85-6991-42B9-9467-6094008D1094	18:00.0	18:00.0	Pacific Standard Time	990	541	117	65
859835AD-E855-4DBF-83ED-419DEF40537C	18:00.0	18:00.0	Pacific Standard Time	1189	782	81	26
33B31206-E1F8-44CE-87A5-318C6D198416	18:00.0	18:00.0	Pacific Standard Time	807	539	75	13
3B3F3EC1-5D84-4C80-9CAD-2CCC9A9268A4	18:00.0	18:00.0	Pacific Standard Time	687	457	76	3
1B3D7D69-A1D0-4B8B-B86A-D31F8CFF2B2E	17:00.0	17:00.0	Pacific Standard Time	216	135	73	0
7A5B3916-AD6C-445E-A6C5-BC582EB20530	17:00.0	17:00.0	Pacific Standard Time	1100	893	57	4
E10D7DB4-C792-42AC-BAE8-969FA63F198D	17:00.0	17:00.0	Pacific Standard Time	1232	746	60	15
ACF9CF85-6991-42B9-9467-6094008D1094	17:00.0	17:00.0	Pacific Standard Time	990	543	117	65
859835AD-E855-4DBF-83ED-419DEF40537C	17:00.0	17:00.0	Pacific Standard Time	1189	785	81	26
33B31206-E1F8-44CE-87A5-318C6D198416	17:00.0	17:00.0	Pacific Standard Time	807	540	75	13
3B3F3EC1-5D84-4C80-9CAD-2CCC9A9268A4	17:00.0	17:00.0	Pacific Standard Time	687	457	77	3
1B3D7D69-A1D0-4B8B-B86A-D31F8CFF2B2E	16:00.0	16:00.0	Pacific Standard Time	216	134	73	0
7A5B3916-AD6C-445E-A6C5-BC582EB20530	16:00.0	16:00.0	Pacific Standard Time	1100	894	58	4
E10D7DB4-C792-42AC-BAE8-969FA63F198D	16:00.0	16:00.0	Pacific Standard Time	1232	747	59	15
ACF9CF85-6991-42B9-9467-6094008D1094	16:00.0	16:00.0	Pacific Standard Time	990	544	117	65
859835AD-E855-4DBF-83ED-419DEF40537C	16:00.0	16:00.0	Pacific Standard Time	1189	786	81	26
33B31206-E1F8-44CE-87A5-318C6D198416	16:00.0	16:00.0	Pacific Standard Time	807	541	75	13
3B3F3EC1-5D84-4C80-9CAD-2CCC9A9268A4	16:00.0	16:00.0	Pacific Standard Time	687	458	77	3
1B3D7D69-A1D0-4B8B-B86A-D31F8CFF2B2E	15:00.0	15:00.0	Pacific Standard Time	216	132	73	0
7A5B3916-AD6C-445E-A6C5-BC582EB20530	15:00.0	15:00.0	Pacific Standard Time	1100	894	59	4
E10D7DB4-C792-42AC-BAE8-969FA63F198D	15:00.0	15:00.0	Pacific Standard Time	1232	751	61	15
ACF9CF85-6991-42B9-9467-6094008D1094	15:00.0	15:00.0	Pacific Standard Time	990	545	116	65
859835AD-E855-4DBF-83ED-419DEF40537C	15:00.0	15:00.0	Pacific Standard Time	1189	791	79	26
33B31206-E1F8-44CE-87A5-318C6D198416	15:00.0	15:00.0	Pacific Standard Time	807	541	75	13
3B3F3EC1-5D84-4C80-9CAD-2CCC9A9268A4	15:00.0	15:00.0	Pacific Standard Time	687	457	77	3
1B3D7D69-A1D0-4B8B-B86A-D31F8CFF2B2E	14:00.0	14:00.0	Pacific Standard Time	216	134	73	0
7A5B3916-AD6C-445E-A6C5-BC582EB20530	14:00.0	14:00.0	Pacific Standard Time	1100	891	59	4
E10D7DB4-C792-42AC-BAE8-969FA63F198D	14:00.0	14:00.0	Pacific Standard Time	1232	754	60	15
ACF9CF85-6991-42B9-9467-6094008D1094	14:00.0	14:00.0	Pacific Standard Time	990	547	114	65
859835AD-E855-4DBF-83ED-419DEF40537C	14:00.0	14:00.0	Pacific Standard Time	1189	795	79	26
33B31206-E1F8-44CE-87A5-318C6D198416	14:00.0	14:00.0	Pacific Standard Time	807	542	75	13
3B3F3EC1-5D84-4C80-9CAD-2CCC9A9268A4	14:00.0	14:00.0	Pacific Standard Time	687	456	78	3
1B3D7D69-A1D0-4B8B-B86A-D31F8CFF2B2E	13:00.0	13:00.0	Pacific Standard Time	216	134	73	0
7A5B3916-AD6C-445E-A6C5-BC582EB20530	13:00.0	13:00.0	Pacific Standard Time	1100	893	60	4
E10D7DB4-C792-42AC-BAE8-969FA63F198D	13:00.0	13:00.0	Pacific Standard Time	1232	756	61	15
ACF9CF85-6991-42B9-9467-6094008D1094	13:00.0	13:00.0	Pacific Standard Time	990	548	113	65
859835AD-E855-4DBF-83ED-419DEF40537C	13:00.0	13:00.0	Pacific Standard Time	1189	797	78	26
33B31206-E1F8-44CE-87A5-318C6D198416	13:00.0	13:00.0	Pacific Standard Time	807	544	76	13
3B3F3EC1-5D84-4C80-9CAD-2CCC9A9268A4	13:00.0	13:00.0	Pacific Standard Time	687	459	78	3
1B3D7D69-A1D0-4B8B-B86A-D31F8CFF2B2E	12:00.0	12:00.0	Pacific Standard Time	216	134	73	0
7A5B3916-AD6C-445E-A6C5-BC582EB20530	12:00.0	12:00.0	Pacific Standard Time	1100	893	60	4
E10D7DB4-C792-42AC-BAE8-969FA63F198D	12:00.0	12:00.0	Pacific Standard Time	1232	758	61	15
ACF9CF85-6991-42B9-9467-6094008D1094	12:00.0	12:00.0	Pacific Standard Time	990	548	112	65
859835AD-E855-4DBF-83ED-419DEF40537C	12:00.0	12:00.0	Pacific Standard Time	1189	799	77	26
33B31206-E1F8-44CE-87A5-318C6D198416	12:00.0	12:00.0	Pacific Standard Time	807	542	76	14
3B3F3EC1-5D84-4C80-9CAD-2CCC9A9268A4	12:00.0	12:00.0	Pacific Standard Time	687	460	78	3
1B3D7D69-A1D0-4B8B-B86A-D31F8CFF2B2E	11:00.0	11:00.0	Pacific Standard Time	216	134	73	0
7A5B3916-AD6C-445E-A6C5-BC582EB20530	11:00.0	11:00.0	Pacific Standard Time	1100	895	60	4
E10D7DB4-C792-42AC-BAE8-969FA63F198D	11:00.0	11:00.0	Pacific Standard Time	1232	762	61	15
ACF9CF85-6991-42B9-9467-6094008D1094	11:00.0	11:00.0	Pacific Standard Time	990	551	111	65
859835AD-E855-4DBF-83ED-419DEF40537C	11:00.0	11:00.0	Pacific Standard Time	1189	808	77	26
33B31206-E1F8-44CE-87A5-318C6D198416	11:00.0	11:00.0	Pacific Standard Time	807	547	76	14
3B3F3EC1-5D84-4C80-9CAD-2CCC9A9268A4	11:00.0	11:00.0	Pacific Standard Time	687	462	78	3
1B3D7D69-A1D0-4B8B-B86A-D31F8CFF2B2E	10:00.0	10:00.0	Pacific Standard Time	216	134	73	0
7A5B3916-AD6C-445E-A6C5-BC582EB20530	10:00.0	10:00.0	Pacific Standard Time	1100	895	60	4
E10D7DB4-C792-42AC-BAE8-969FA63F198D	10:00.0	10:00.0	Pacific Standard Time	1232	762	61	15
ACF9CF85-6991-42B9-9467-6094008D1094	10:00.0	10:00.0	Pacific Standard Time	990	551	111	65
859835AD-E855-4DBF-83ED-419DEF40537C	10:00.0	10:00.0	Pacific Standard Time	1189	808	77	26
33B31206-E1F8-44CE-87A5-318C6D198416	10:00.0	10:00.0	Pacific Standard Time	807	547	76	15
3B3F3EC1-5D84-4C80-9CAD-2CCC9A9268A4	10:00.0	10:00.0	Pacific Standard Time	687	462	78	3
1B3D7D69-A1D0-4B8B-B86A-D31F8CFF2B2E	09:00.0	09:00.0	Pacific Standard Time	216	134	72	0
7A5B3916-AD6C-445E-A6C5-BC582EB20530	09:00.0	09:00.0	Pacific Standard Time	1100	895	60	4
E10D7DB4-C792-42AC-BAE8-969FA63F198D	09:00.0	09:00.0	Pacific Standard Time	1232	762	61	15
ACF9CF85-6991-42B9-9467-6094008D1094	09:00.0	09:00.0	Pacific Standard Time	990	551	111	65
859835AD-E855-4DBF-83ED-419DEF40537C	09:00.0	09:00.0	Pacific Standard Time	1189	808	77	26
33B31206-E1F8-44CE-87A5-318C6D198416	09:00.0	09:00.0	Pacific Standard Time	807	547	77	15
3B3F3EC1-5D84-4C80-9CAD-2CCC9A9268A4	09:00.0	09:00.0	Pacific Standard Time	687	462	78	3
1B3D7D69-A1D0-4B8B-B86A-D31F8CFF2B2E	08:00.0	08:00.0	Pacific Standard Time	216	134	71	0
7A5B3916-AD6C-445E-A6C5-BC582EB20530	08:00.0	08:00.0	Pacific Standard Time	1100	898	59	4
E10D7DB4-C792-42AC-BAE8-969FA63F198D	08:00.0	08:00.0	Pacific Standard Time	1232	761	61	15
ACF9CF85-6991-42B9-9467-6094008D1094	08:00.0	08:00.0	Pacific Standard Time	990	550	111	65
859835AD-E855-4DBF-83ED-419DEF40537C	08:00.0	08:00.0	Pacific Standard Time	1189	811	77	26
33B31206-E1F8-44CE-87A5-318C6D198416	08:00.0	08:00.0	Pacific Standard Time	807	543	76	15
3B3F3EC1-5D84-4C80-9CAD-2CCC9A9268A4	08:00.0	08:00.0	Pacific Standard Time	687	462	78	3
1B3D7D69-A1D0-4B8B-B86A-D31F8CFF2B2E	07:00.0	07:00.0	Pacific Standard Time	216	136	72	0
7A5B3916-AD6C-445E-A6C5-BC582EB20530	07:00.0	07:00.0	Pacific Standard Time	1100	900	59	4
E10D7DB4-C792-42AC-BAE8-969FA63F198D	07:00.0	07:00.0	Pacific Standard Time	1232	761	61	15
ACF9CF85-6991-42B9-9467-6094008D1094	07:00.0	07:00.0	Pacific Standard Time	990	557	110	65
859835AD-E855-4DBF-83ED-419DEF40537C	07:00.0	07:00.0	Pacific Standard Time	1189	814	77	26
33B31206-E1F8-44CE-87A5-318C6D198416	07:00.0	07:00.0	Pacific Standard Time	807	543	76	15
3B3F3EC1-5D84-4C80-9CAD-2CCC9A9268A4	07:00.0	07:00.0	Pacific Standard Time	687	463	78	3
1B3D7D69-A1D0-4B8B-B86A-D31F8CFF2B2E	06:00.0	06:00.0	Pacific Standard Time	216	136	72	0
7A5B3916-AD6C-445E-A6C5-BC582EB20530	06:00.0	06:00.0	Pacific Standard Time	1100	902	59	4
E10D7DB4-C792-42AC-BAE8-969FA63F198D	06:00.0	06:00.0	Pacific Standard Time	1232	762	61	15
ACF9CF85-6991-42B9-9467-6094008D1094	06:00.0	06:00.0	Pacific Standard Time	990	561	111	65
859835AD-E855-4DBF-83ED-419DEF40537C	06:00.0	06:00.0	Pacific Standard Time	1189	818	77	26
33B31206-E1F8-44CE-87A5-318C6D198416	06:00.0	06:00.0	Pacific Standard Time	807	543	76	15
3B3F3EC1-5D84-4C80-9CAD-2CCC9A9268A4	06:00.0	06:00.0	Pacific Standard Time	687	465	79	3
1B3D7D69-A1D0-4B8B-B86A-D31F8CFF2B2E	05:00.0	05:00.0	Pacific Standard Time	216	136	71	0
7A5B3916-AD6C-445E-A6C5-BC582EB20530	05:00.0	05:00.0	Pacific Standard Time	1100	901	59	4
E10D7DB4-C792-42AC-BAE8-969FA63F198D	05:00.0	05:00.0	Pacific Standard Time	1232	763	61	15
ACF9CF85-6991-42B9-9467-6094008D1094	05:00.0	05:00.0	Pacific Standard Time	990	562	112	65
859835AD-E855-4DBF-83ED-419DEF40537C	05:00.0	05:00.0	Pacific Standard Time	1189	821	77	27
33B31206-E1F8-44CE-87A5-318C6D198416	05:00.0	05:00.0	Pacific Standard Time	807	542	75	15
3B3F3EC1-5D84-4C80-9CAD-2CCC9A9268A4	05:00.0	05:00.0	Pacific Standard Time	687	467	81	3
1B3D7D69-A1D0-4B8B-B86A-D31F8CFF2B2E	04:00.0	04:00.0	Pacific Standard Time	216	135	71	0
7A5B3916-AD6C-445E-A6C5-BC582EB20530	04:00.0	04:00.0	Pacific Standard Time	1100	903	59	4
E10D7DB4-C792-42AC-BAE8-969FA63F198D	04:00.0	04:00.0	Pacific Standard Time	1232	763	61	15
ACF9CF85-6991-42B9-9467-6094008D1094	04:00.0	04:00.0	Pacific Standard Time	990	562	112	65
859835AD-E855-4DBF-83ED-419DEF40537C	04:00.0	04:00.0	Pacific Standard Time	1189	826	77	27
33B31206-E1F8-44CE-87A5-318C6D198416	04:00.0	04:00.0	Pacific Standard Time	807	543	77	15
3B3F3EC1-5D84-4C80-9CAD-2CCC9A9268A4	04:00.0	04:00.0	Pacific Standard Time	687	467	81	3
1B3D7D69-A1D0-4B8B-B86A-D31F8CFF2B2E	03:00.0	03:00.0	Pacific Standard Time	216	136	71	0
7A5B3916-AD6C-445E-A6C5-BC582EB20530	03:00.0	03:00.0	Pacific Standard Time	1100	904	59	4
E10D7DB4-C792-42AC-BAE8-969FA63F198D	03:00.0	03:00.0	Pacific Standard Time	1232	767	62	15
ACF9CF85-6991-42B9-9467-6094008D1094	03:00.0	03:00.0	Pacific Standard Time	990	563	112	65
859835AD-E855-4DBF-83ED-419DEF40537C	03:00.0	03:00.0	Pacific Standard Time	1189	835	77	27
33B31206-E1F8-44CE-87A5-318C6D198416	03:00.0	03:00.0	Pacific Standard Time	807	543	77	15
3B3F3EC1-5D84-4C80-9CAD-2CCC9A9268A4	03:00.0	03:00.0	Pacific Standard Time	687	467	81	3
1B3D7D69-A1D0-4B8B-B86A-D31F8CFF2B2E	02:00.0	02:00.0	Pacific Standard Time	216	135	71	0
7A5B3916-AD6C-445E-A6C5-BC582EB20530	02:00.0	02:00.0	Pacific Standard Time	1100	905	59	4
E10D7DB4-C792-42AC-BAE8-969FA63F198D	02:00.0	02:00.0	Pacific Standard Time	1232	769	62	15
ACF9CF85-6991-42B9-9467-6094008D1094	02:00.0	02:00.0	Pacific Standard Time	990	567	113	66
859835AD-E855-4DBF-83ED-419DEF40537C	02:00.0	02:00.0	Pacific Standard Time	1189	845	78	27
33B31206-E1F8-44CE-87A5-318C6D198416	02:00.0	02:00.0	Pacific Standard Time	807	544	77	15
3B3F3EC1-5D84-4C80-9CAD-2CCC9A9268A4	02:00.0	02:00.0	Pacific Standard Time	687	467	81	3
1B3D7D69-A1D0-4B8B-B86A-D31F8CFF2B2E	01:00.0	01:00.0	Pacific Standard Time	216	133	71	0
7A5B3916-AD6C-445E-A6C5-BC582EB20530	01:00.0	01:00.0	Pacific Standard Time	1100	903	59	4
E10D7DB4-C792-42AC-BAE8-969FA63F198D	01:00.0	01:00.0	Pacific Standard Time	1232	771	62	15
ACF9CF85-6991-42B9-9467-6094008D1094	01:00.0	01:00.0	Pacific Standard Time	990	572	113	66
859835AD-E855-4DBF-83ED-419DEF40537C	01:00.0	01:00.0	Pacific Standard Time	1189	850	78	28
33B31206-E1F8-44CE-87A5-318C6D198416	01:00.0	01:00.0	Pacific Standard Time	807	547	76	15
3B3F3EC1-5D84-4C80-9CAD-2CCC9A9268A4	01:00.0	01:00.0	Pacific Standard Time	687	467	81	3
1B3D7D69-A1D0-4B8B-B86A-D31F8CFF2B2E	00:00.0	00:00.0	Pacific Standard Time	216	133	72	0
7A5B3916-AD6C-445E-A6C5-BC582EB20530	00:00.0	00:00.0	Pacific Standard Time	1100	905	59	4
E10D7DB4-C792-42AC-BAE8-969FA63F198D	00:00.0	00:00.0	Pacific Standard Time	1232	774	62	15
ACF9CF85-6991-42B9-9467-6094008D1094	00:00.0	00:00.0	Pacific Standard Time	990	576	113	66
859835AD-E855-4DBF-83ED-419DEF40537C	00:00.0	00:00.0	Pacific Standard Time	1189	856	80	28
33B31206-E1F8-44CE-87A5-318C6D198416	00:00.0	00:00.0	Pacific Standard Time	807	551	78	15
3B3F3EC1-5D84-4C80-9CAD-2CCC9A9268A4	00:00.0	00:00.0	Pacific Standard Time	687	466	80	3
1B3D7D69-A1D0-4B8B-B86A-D31F8CFF2B2E	59:00.0	59:00.0	Pacific Standard Time	216	133	72	0
7A5B3916-AD6C-445E-A6C5-BC582EB20530	59:00.0	59:00.0	Pacific Standard Time	1100	907	59	4
E10D7DB4-C792-42AC-BAE8-969FA63F198D	59:00.0	59:00.0	Pacific Standard Time	1232	777	64	15
ACF9CF85-6991-42B9-9467-6094008D1094	59:00.0	59:00.0	Pacific Standard Time	990	578	113	66
859835AD-E855-4DBF-83ED-419DEF40537C	59:00.0	59:00.0	Pacific Standard Time	1189	856	79	28
33B31206-E1F8-44CE-87A5-318C6D198416	59:00.0	59:00.0	Pacific Standard Time	807	553	78	15
3B3F3EC1-5D84-4C80-9CAD-2CCC9A9268A4	59:00.0	59:00.0	Pacific Standard Time	687	468	80	3
1B3D7D69-A1D0-4B8B-B86A-D31F8CFF2B2E	58:00.0	58:00.0	Pacific Standard Time	216	132	71	0
7A5B3916-AD6C-445E-A6C5-BC582EB20530	58:00.0	58:00.0	Pacific Standard Time	1100	907	59	4
E10D7DB4-C792-42AC-BAE8-969FA63F198D	58:00.0	58:00.0	Pacific Standard Time	1232	780	64	16
ACF9CF85-6991-42B9-9467-6094008D1094	58:00.0	58:00.0	Pacific Standard Time	990	579	113	66
859835AD-E855-4DBF-83ED-419DEF40537C	58:00.0	58:00.0	Pacific Standard Time	1189	859	79	28
33B31206-E1F8-44CE-87A5-318C6D198416	58:00.0	58:00.0	Pacific Standard Time	807	553	78	15
3B3F3EC1-5D84-4C80-9CAD-2CCC9A9268A4	58:00.0	58:00.0	Pacific Standard Time	687	467	80	3
1B3D7D69-A1D0-4B8B-B86A-D31F8CFF2B2E	57:00.0	57:00.0	Pacific Standard Time	216	132	71	0
7A5B3916-AD6C-445E-A6C5-BC582EB20530	57:00.0	57:00.0	Pacific Standard Time	1100	909	59	4
E10D7DB4-C792-42AC-BAE8-969FA63F198D	57:00.0	57:00.0	Pacific Standard Time	1232	783	65	16
ACF9CF85-6991-42B9-9467-6094008D1094	57:00.0	57:00.0	Pacific Standard Time	990	580	113	66
859835AD-E855-4DBF-83ED-419DEF40537C	57:00.0	57:00.0	Pacific Standard Time	1189	864	80	28
33B31206-E1F8-44CE-87A5-318C6D198416	57:00.0	57:00.0	Pacific Standard Time	807	554	78	15
3B3F3EC1-5D84-4C80-9CAD-2CCC9A9268A4	57:00.0	57:00.0	Pacific Standard Time	687	468	80	3
1B3D7D69-A1D0-4B8B-B86A-D31F8CFF2B2E	56:00.0	56:00.0	Pacific Standard Time	216	133	71	0
7A5B3916-AD6C-445E-A6C5-BC582EB20530	56:00.0	56:00.0	Pacific Standard Time	1100	910	60	4
E10D7DB4-C792-42AC-BAE8-969FA63F198D	56:00.0	56:00.0	Pacific Standard Time	1232	783	64	16
ACF9CF85-6991-42B9-9467-6094008D1094	56:00.0	56:00.0	Pacific Standard Time	990	582	113	66
859835AD-E855-4DBF-83ED-419DEF40537C	56:00.0	56:00.0	Pacific Standard Time	1189	866	80	28
33B31206-E1F8-44CE-87A5-318C6D198416	56:00.0	56:00.0	Pacific Standard Time	807	555	79	15
3B3F3EC1-5D84-4C80-9CAD-2CCC9A9268A4	56:00.0	56:00.0	Pacific Standard Time	687	465	80	3
1B3D7D69-A1D0-4B8B-B86A-D31F8CFF2B2E	55:00.0	55:00.0	Pacific Standard Time	216	133	70	0
7A5B3916-AD6C-445E-A6C5-BC582EB20530	55:00.0	55:00.0	Pacific Standard Time	1100	910	60	4
E10D7DB4-C792-42AC-BAE8-969FA63F198D	55:00.0	55:00.0	Pacific Standard Time	1232	783	64	16
ACF9CF85-6991-42B9-9467-6094008D1094	55:00.0	55:00.0	Pacific Standard Time	990	583	113	66
859835AD-E855-4DBF-83ED-419DEF40537C	55:00.0	55:00.0	Pacific Standard Time	1189	868	80	29
33B31206-E1F8-44CE-87A5-318C6D198416	55:00.0	55:00.0	Pacific Standard Time	807	558	79	16
3B3F3EC1-5D84-4C80-9CAD-2CCC9A9268A4	55:00.0	55:00.0	Pacific Standard Time	687	466	80	3
1B3D7D69-A1D0-4B8B-B86A-D31F8CFF2B2E	54:00.0	54:00.0	Pacific Standard Time	216	133	70	0
7A5B3916-AD6C-445E-A6C5-BC582EB20530	54:00.0	54:00.0	Pacific Standard Time	1100	911	60	4
E10D7DB4-C792-42AC-BAE8-969FA63F198D	54:00.0	54:00.0	Pacific Standard Time	1232	783	64	16
ACF9CF85-6991-42B9-9467-6094008D1094	54:00.0	54:00.0	Pacific Standard Time	990	583	113	66
859835AD-E855-4DBF-83ED-419DEF40537C	54:00.0	54:00.0	Pacific Standard Time	1189	868	80	29
33B31206-E1F8-44CE-87A5-318C6D198416	54:00.0	54:00.0	Pacific Standard Time	807	558	79	16
3B3F3EC1-5D84-4C80-9CAD-2CCC9A9268A4	54:00.0	54:00.0	Pacific Standard Time	687	468	80	3
1B3D7D69-A1D0-4B8B-B86A-D31F8CFF2B2E	53:00.0	53:00.0	Pacific Standard Time	216	132	70	0
7A5B3916-AD6C-445E-A6C5-BC582EB20530	53:00.0	53:00.0	Pacific Standard Time	1100	912	60	4
E10D7DB4-C792-42AC-BAE8-969FA63F198D	53:00.0	53:00.0	Pacific Standard Time	1232	782	64	16
ACF9CF85-6991-42B9-9467-6094008D1094	53:00.0	53:00.0	Pacific Standard Time	990	586	113	66
859835AD-E855-4DBF-83ED-419DEF40537C	53:00.0	53:00.0	Pacific Standard Time	1189	871	81	29
33B31206-E1F8-44CE-87A5-318C6D198416	53:00.0	53:00.0	Pacific Standard Time	807	558	79	16
3B3F3EC1-5D84-4C80-9CAD-2CCC9A9268A4	53:00.0	53:00.0	Pacific Standard Time	687	468	80	3
1B3D7D69-A1D0-4B8B-B86A-D31F8CFF2B2E	52:00.0	52:00.0	Pacific Standard Time	216	132	70	0
7A5B3916-AD6C-445E-A6C5-BC582EB20530	52:00.0	52:00.0	Pacific Standard Time	1100	912	59	4
E10D7DB4-C792-42AC-BAE8-969FA63F198D	52:00.0	52:00.0	Pacific Standard Time	1232	782	64	16
ACF9CF85-6991-42B9-9467-6094008D1094	52:00.0	52:00.0	Pacific Standard Time	990	584	112	66
859835AD-E855-4DBF-83ED-419DEF40537C	52:00.0	52:00.0	Pacific Standard Time	1189	873	81	29
33B31206-E1F8-44CE-87A5-318C6D198416	52:00.0	52:00.0	Pacific Standard Time	807	559	79	16
3B3F3EC1-5D84-4C80-9CAD-2CCC9A9268A4	52:00.0	52:00.0	Pacific Standard Time	687	468	80	3
1B3D7D69-A1D0-4B8B-B86A-D31F8CFF2B2E	51:00.0	51:00.0	Pacific Standard Time	216	132	68	0
7A5B3916-AD6C-445E-A6C5-BC582EB20530	51:00.0	51:00.0	Pacific Standard Time	1100	913	60	4
E10D7DB4-C792-42AC-BAE8-969FA63F198D	51:00.0	51:00.0	Pacific Standard Time	1232	782	64	16
ACF9CF85-6991-42B9-9467-6094008D1094	51:00.0	51:00.0	Pacific Standard Time	990	586	112	66
859835AD-E855-4DBF-83ED-419DEF40537C	51:00.0	51:00.0	Pacific Standard Time	1189	874	80	29
33B31206-E1F8-44CE-87A5-318C6D198416	51:00.0	51:00.0	Pacific Standard Time	807	560	79	16
3B3F3EC1-5D84-4C80-9CAD-2CCC9A9268A4	51:00.0	51:00.0	Pacific Standard Time	687	469	82	3
1B3D7D69-A1D0-4B8B-B86A-D31F8CFF2B2E	50:00.0	50:00.0	Pacific Standard Time	216	132	68	0
7A5B3916-AD6C-445E-A6C5-BC582EB20530	50:00.0	50:00.0	Pacific Standard Time	1100	919	60	4
E10D7DB4-C792-42AC-BAE8-969FA63F198D	50:00.0	50:00.0	Pacific Standard Time	1232	779	63	16
ACF9CF85-6991-42B9-9467-6094008D1094	50:00.0	50:00.0	Pacific Standard Time	990	594	111	66
859835AD-E855-4DBF-83ED-419DEF40537C	50:00.0	50:00.0	Pacific Standard Time	1189	870	80	29
33B31206-E1F8-44CE-87A5-318C6D198416	50:00.0	50:00.0	Pacific Standard Time	807	561	78	16
3B3F3EC1-5D84-4C80-9CAD-2CCC9A9268A4	50:00.0	50:00.0	Pacific Standard Time	687	472	82	3
1B3D7D69-A1D0-4B8B-B86A-D31F8CFF2B2E	49:00.0	49:00.0	Pacific Standard Time	216	132	68	0
7A5B3916-AD6C-445E-A6C5-BC582EB20530	49:00.0	49:00.0	Pacific Standard Time	1100	919	61	4
E10D7DB4-C792-42AC-BAE8-969FA63F198D	49:00.0	49:00.0	Pacific Standard Time	1232	779	63	16
ACF9CF85-6991-42B9-9467-6094008D1094	49:00.0	49:00.0	Pacific Standard Time	990	594	111	67
859835AD-E855-4DBF-83ED-419DEF40537C	49:00.0	49:00.0	Pacific Standard Time	1189	870	81	29
33B31206-E1F8-44CE-87A5-318C6D198416	49:00.0	49:00.0	Pacific Standard Time	807	561	78	16
3B3F3EC1-5D84-4C80-9CAD-2CCC9A9268A4	49:00.0	49:00.0	Pacific Standard Time	687	472	83	3
1B3D7D69-A1D0-4B8B-B86A-D31F8CFF2B2E	48:00.0	48:00.0	Pacific Standard Time	216	132	69	0
7A5B3916-AD6C-445E-A6C5-BC582EB20530	48:00.0	48:00.0	Pacific Standard Time	1100	919	61	4
E10D7DB4-C792-42AC-BAE8-969FA63F198D	48:00.0	48:00.0	Pacific Standard Time	1232	779	63	16
ACF9CF85-6991-42B9-9467-6094008D1094	48:00.0	48:00.0	Pacific Standard Time	990	594	111	67
859835AD-E855-4DBF-83ED-419DEF40537C	48:00.0	48:00.0	Pacific Standard Time	1189	870	81	29
33B31206-E1F8-44CE-87A5-318C6D198416	48:00.0	48:00.0	Pacific Standard Time	807	561	78	16
3B3F3EC1-5D84-4C80-9CAD-2CCC9A9268A4	48:00.0	48:00.0	Pacific Standard Time	687	472	83	3
1B3D7D69-A1D0-4B8B-B86A-D31F8CFF2B2E	47:00.0	47:00.0	Pacific Standard Time	216	133	69	0
7A5B3916-AD6C-445E-A6C5-BC582EB20530	47:00.0	47:00.0	Pacific Standard Time	1100	920	61	4
E10D7DB4-C792-42AC-BAE8-969FA63F198D	47:00.0	47:00.0	Pacific Standard Time	1232	780	62	16
ACF9CF85-6991-42B9-9467-6094008D1094	47:00.0	47:00.0	Pacific Standard Time	990	595	111	67
859835AD-E855-4DBF-83ED-419DEF40537C	47:00.0	47:00.0	Pacific Standard Time	1189	871	81	29
33B31206-E1F8-44CE-87A5-318C6D198416	47:00.0	47:00.0	Pacific Standard Time	807	562	78	16
3B3F3EC1-5D84-4C80-9CAD-2CCC9A9268A4	47:00.0	47:00.0	Pacific Standard Time	687	473	83	3
1B3D7D69-A1D0-4B8B-B86A-D31F8CFF2B2E	46:00.0	46:00.0	Pacific Standard Time	216	133	69	0
7A5B3916-AD6C-445E-A6C5-BC582EB20530	46:00.0	46:00.0	Pacific Standard Time	1100	921	60	4
E10D7DB4-C792-42AC-BAE8-969FA63F198D	46:00.0	46:00.0	Pacific Standard Time	1232	779	62	16
ACF9CF85-6991-42B9-9467-6094008D1094	46:00.0	46:00.0	Pacific Standard Time	990	594	111	67
859835AD-E855-4DBF-83ED-419DEF40537C	46:00.0	46:00.0	Pacific Standard Time	1189	873	82	29
33B31206-E1F8-44CE-87A5-318C6D198416	46:00.0	46:00.0	Pacific Standard Time	807	560	78	16
3B3F3EC1-5D84-4C80-9CAD-2CCC9A9268A4	46:00.0	46:00.0	Pacific Standard Time	687	474	82	3
1B3D7D69-A1D0-4B8B-B86A-D31F8CFF2B2E	45:00.0	45:00.0	Pacific Standard Time	216	133	69	0
7A5B3916-AD6C-445E-A6C5-BC582EB20530	45:00.0	45:00.0	Pacific Standard Time	1100	926	60	4
E10D7DB4-C792-42AC-BAE8-969FA63F198D	45:00.0	45:00.0	Pacific Standard Time	1232	781	62	16
ACF9CF85-6991-42B9-9467-6094008D1094	45:00.0	45:00.0	Pacific Standard Time	990	593	111	67
859835AD-E855-4DBF-83ED-419DEF40537C	45:00.0	45:00.0	Pacific Standard Time	1189	872	82	29
33B31206-E1F8-44CE-87A5-318C6D198416	45:00.0	45:00.0	Pacific Standard Time	807	563	77	16
3B3F3EC1-5D84-4C80-9CAD-2CCC9A9268A4	45:00.0	45:00.0	Pacific Standard Time	687	475	82	3
1B3D7D69-A1D0-4B8B-B86A-D31F8CFF2B2E	44:00.0	44:00.0	Pacific Standard Time	216	132	69	0
7A5B3916-AD6C-445E-A6C5-BC582EB20530	44:00.0	44:00.0	Pacific Standard Time	1100	928	60	4
E10D7DB4-C792-42AC-BAE8-969FA63F198D	44:00.0	44:00.0	Pacific Standard Time	1232	779	63	16
ACF9CF85-6991-42B9-9467-6094008D1094	44:00.0	44:00.0	Pacific Standard Time	990	592	111	67
859835AD-E855-4DBF-83ED-419DEF40537C	44:00.0	44:00.0	Pacific Standard Time	1189	874	82	30
33B31206-E1F8-44CE-87A5-318C6D198416	44:00.0	44:00.0	Pacific Standard Time	807	564	77	16
3B3F3EC1-5D84-4C80-9CAD-2CCC9A9268A4	44:00.0	44:00.0	Pacific Standard Time	687	474	82	3
1B3D7D69-A1D0-4B8B-B86A-D31F8CFF2B2E	43:00.0	43:00.0	Pacific Standard Time	216	132	69	0
7A5B3916-AD6C-445E-A6C5-BC582EB20530	43:00.0	43:00.0	Pacific Standard Time	1100	929	60	4
E10D7DB4-C792-42AC-BAE8-969FA63F198D	43:00.0	43:00.0	Pacific Standard Time	1232	782	63	16
ACF9CF85-6991-42B9-9467-6094008D1094	43:00.0	43:00.0	Pacific Standard Time	990	591	111	67
859835AD-E855-4DBF-83ED-419DEF40537C	43:00.0	43:00.0	Pacific Standard Time	1189	875	83	30
33B31206-E1F8-44CE-87A5-318C6D198416	43:00.0	43:00.0	Pacific Standard Time	807	566	77	16
3B3F3EC1-5D84-4C80-9CAD-2CCC9A9268A4	43:00.0	43:00.0	Pacific Standard Time	687	476	82	3
1B3D7D69-A1D0-4B8B-B86A-D31F8CFF2B2E	42:00.0	42:00.0	Pacific Standard Time	216	132	69	0
7A5B3916-AD6C-445E-A6C5-BC582EB20530	42:00.0	42:00.0	Pacific Standard Time	1100	928	60	4
E10D7DB4-C792-42AC-BAE8-969FA63F198D	42:00.0	42:00.0	Pacific Standard Time	1232	783	63	16
ACF9CF85-6991-42B9-9467-6094008D1094	42:00.0	42:00.0	Pacific Standard Time	990	591	111	68
859835AD-E855-4DBF-83ED-419DEF40537C	42:00.0	42:00.0	Pacific Standard Time	1189	875	83	30
33B31206-E1F8-44CE-87A5-318C6D198416	42:00.0	42:00.0	Pacific Standard Time	807	567	77	16
3B3F3EC1-5D84-4C80-9CAD-2CCC9A9268A4	42:00.0	42:00.0	Pacific Standard Time	687	476	82	3
1B3D7D69-A1D0-4B8B-B86A-D31F8CFF2B2E	41:00.0	41:00.0	Pacific Standard Time	216	133	69	0
7A5B3916-AD6C-445E-A6C5-BC582EB20530	41:00.0	41:00.0	Pacific Standard Time	1100	929	60	4
E10D7DB4-C792-42AC-BAE8-969FA63F198D	41:00.0	41:00.0	Pacific Standard Time	1232	782	63	16
ACF9CF85-6991-42B9-9467-6094008D1094	41:00.0	41:00.0	Pacific Standard Time	990	597	111	68
859835AD-E855-4DBF-83ED-419DEF40537C	41:00.0	41:00.0	Pacific Standard Time	1189	877	83	30
33B31206-E1F8-44CE-87A5-318C6D198416	41:00.0	41:00.0	Pacific Standard Time	807	566	77	16
3B3F3EC1-5D84-4C80-9CAD-2CCC9A9268A4	41:00.0	41:00.0	Pacific Standard Time	687	476	80	3
1B3D7D69-A1D0-4B8B-B86A-D31F8CFF2B2E	40:00.0	40:00.0	Pacific Standard Time	216	134	69	0
7A5B3916-AD6C-445E-A6C5-BC582EB20530	40:00.0	40:00.0	Pacific Standard Time	1100	933	59	4
E10D7DB4-C792-42AC-BAE8-969FA63F198D	40:00.0	40:00.0	Pacific Standard Time	1232	781	62	16
ACF9CF85-6991-42B9-9467-6094008D1094	40:00.0	40:00.0	Pacific Standard Time	990	598	111	68
859835AD-E855-4DBF-83ED-419DEF40537C	40:00.0	40:00.0	Pacific Standard Time	1189	877	83	30
33B31206-E1F8-44CE-87A5-318C6D198416	40:00.0	40:00.0	Pacific Standard Time	807	566	76	16
3B3F3EC1-5D84-4C80-9CAD-2CCC9A9268A4	40:00.0	40:00.0	Pacific Standard Time	687	476	80	3
1B3D7D69-A1D0-4B8B-B86A-D31F8CFF2B2E	39:00.0	39:00.0	Pacific Standard Time	216	134	70	0
7A5B3916-AD6C-445E-A6C5-BC582EB20530	39:00.0	39:00.0	Pacific Standard Time	1100	936	59	4
E10D7DB4-C792-42AC-BAE8-969FA63F198D	39:00.0	39:00.0	Pacific Standard Time	1232	781	62	16
ACF9CF85-6991-42B9-9467-6094008D1094	39:00.0	39:00.0	Pacific Standard Time	990	597	111	68
859835AD-E855-4DBF-83ED-419DEF40537C	39:00.0	39:00.0	Pacific Standard Time	1189	877	83	30
33B31206-E1F8-44CE-87A5-318C6D198416	39:00.0	39:00.0	Pacific Standard Time	807	566	76	16
3B3F3EC1-5D84-4C80-9CAD-2CCC9A9268A4	39:00.0	39:00.0	Pacific Standard Time	687	476	80	3
1B3D7D69-A1D0-4B8B-B86A-D31F8CFF2B2E	38:00.0	38:00.0	Pacific Standard Time	216	132	68	0
7A5B3916-AD6C-445E-A6C5-BC582EB20530	38:00.0	38:00.0	Pacific Standard Time	1100	935	59	4
E10D7DB4-C792-42AC-BAE8-969FA63F198D	38:00.0	38:00.0	Pacific Standard Time	1232	782	62	16
ACF9CF85-6991-42B9-9467-6094008D1094	38:00.0	38:00.0	Pacific Standard Time	990	598	111	68
859835AD-E855-4DBF-83ED-419DEF40537C	38:00.0	38:00.0	Pacific Standard Time	1189	877	83	30
33B31206-E1F8-44CE-87A5-318C6D198416	38:00.0	38:00.0	Pacific Standard Time	807	567	76	16
3B3F3EC1-5D84-4C80-9CAD-2CCC9A9268A4	38:00.0	38:00.0	Pacific Standard Time	687	477	81	3
1B3D7D69-A1D0-4B8B-B86A-D31F8CFF2B2E	37:00.0	37:00.0	Pacific Standard Time	216	135	70	0
7A5B3916-AD6C-445E-A6C5-BC582EB20530	37:00.0	37:00.0	Pacific Standard Time	1100	936	59	4
E10D7DB4-C792-42AC-BAE8-969FA63F198D	37:00.0	37:00.0	Pacific Standard Time	1232	780	62	16
ACF9CF85-6991-42B9-9467-6094008D1094	37:00.0	37:00.0	Pacific Standard Time	990	602	110	69
859835AD-E855-4DBF-83ED-419DEF40537C	37:00.0	37:00.0	Pacific Standard Time	1189	874	83	30
33B31206-E1F8-44CE-87A5-318C6D198416	37:00.0	37:00.0	Pacific Standard Time	807	571	77	16
3B3F3EC1-5D84-4C80-9CAD-2CCC9A9268A4	37:00.0	37:00.0	Pacific Standard Time	687	477	81	3
1B3D7D69-A1D0-4B8B-B86A-D31F8CFF2B2E	36:00.0	36:00.0	Pacific Standard Time	216	135	70	0
7A5B3916-AD6C-445E-A6C5-BC582EB20530	36:00.0	36:00.0	Pacific Standard Time	1100	936	59	4
E10D7DB4-C792-42AC-BAE8-969FA63F198D	36:00.0	36:00.0	Pacific Standard Time	1232	780	61	16
ACF9CF85-6991-42B9-9467-6094008D1094	36:00.0	36:00.0	Pacific Standard Time	990	603	110	69
859835AD-E855-4DBF-83ED-419DEF40537C	36:00.0	36:00.0	Pacific Standard Time	1189	875	83	30
33B31206-E1F8-44CE-87A5-318C6D198416	36:00.0	36:00.0	Pacific Standard Time	807	572	76	16
3B3F3EC1-5D84-4C80-9CAD-2CCC9A9268A4	36:00.0	36:00.0	Pacific Standard Time	687	476	81	3
1B3D7D69-A1D0-4B8B-B86A-D31F8CFF2B2E	35:00.0	35:00.0	Pacific Standard Time	216	134	70	0
7A5B3916-AD6C-445E-A6C5-BC582EB20530	35:00.0	35:00.0	Pacific Standard Time	1100	935	59	4
E10D7DB4-C792-42AC-BAE8-969FA63F198D	35:00.0	35:00.0	Pacific Standard Time	1232	778	61	16
ACF9CF85-6991-42B9-9467-6094008D1094	35:00.0	35:00.0	Pacific Standard Time	990	600	110	69
859835AD-E855-4DBF-83ED-419DEF40537C	35:00.0	35:00.0	Pacific Standard Time	1189	874	83	30
33B31206-E1F8-44CE-87A5-318C6D198416	35:00.0	35:00.0	Pacific Standard Time	807	572	76	16
3B3F3EC1-5D84-4C80-9CAD-2CCC9A9268A4	35:00.0	35:00.0	Pacific Standard Time	687	478	81	3
1B3D7D69-A1D0-4B8B-B86A-D31F8CFF2B2E	34:00.0	34:00.0	Pacific Standard Time	216	132	71	0
7A5B3916-AD6C-445E-A6C5-BC582EB20530	34:00.0	34:00.0	Pacific Standard Time	1100	936	59	4
E10D7DB4-C792-42AC-BAE8-969FA63F198D	34:00.0	34:00.0	Pacific Standard Time	1232	778	62	16
ACF9CF85-6991-42B9-9467-6094008D1094	34:00.0	34:00.0	Pacific Standard Time	990	601	110	69
859835AD-E855-4DBF-83ED-419DEF40537C	34:00.0	34:00.0	Pacific Standard Time	1189	877	84	30
33B31206-E1F8-44CE-87A5-318C6D198416	34:00.0	34:00.0	Pacific Standard Time	807	571	76	16
3B3F3EC1-5D84-4C80-9CAD-2CCC9A9268A4	34:00.0	34:00.0	Pacific Standard Time	687	478	81	3
1B3D7D69-A1D0-4B8B-B86A-D31F8CFF2B2E	33:00.0	33:00.0	Pacific Standard Time	216	133	72	0
7A5B3916-AD6C-445E-A6C5-BC582EB20530	33:00.0	33:00.0	Pacific Standard Time	1100	935	58	4
E10D7DB4-C792-42AC-BAE8-969FA63F198D	33:00.0	33:00.0	Pacific Standard Time	1232	777	62	16
ACF9CF85-6991-42B9-9467-6094008D1094	33:00.0	33:00.0	Pacific Standard Time	990	600	110	69
859835AD-E855-4DBF-83ED-419DEF40537C	33:00.0	33:00.0	Pacific Standard Time	1189	876	84	30
33B31206-E1F8-44CE-87A5-318C6D198416	33:00.0	33:00.0	Pacific Standard Time	807	571	76	16
3B3F3EC1-5D84-4C80-9CAD-2CCC9A9268A4	33:00.0	33:00.0	Pacific Standard Time	687	479	81	3
1B3D7D69-A1D0-4B8B-B86A-D31F8CFF2B2E	32:00.0	32:00.0	Pacific Standard Time	216	133	72	0
7A5B3916-AD6C-445E-A6C5-BC582EB20530	32:00.0	32:00.0	Pacific Standard Time	1100	935	58	4
E10D7DB4-C792-42AC-BAE8-969FA63F198D	32:00.0	32:00.0	Pacific Standard Time	1232	777	62	16
ACF9CF85-6991-42B9-9467-6094008D1094	32:00.0	32:00.0	Pacific Standard Time	990	602	109	69
859835AD-E855-4DBF-83ED-419DEF40537C	32:00.0	32:00.0	Pacific Standard Time	1189	879	84	31
33B31206-E1F8-44CE-87A5-318C6D198416	32:00.0	32:00.0	Pacific Standard Time	807	569	75	16
3B3F3EC1-5D84-4C80-9CAD-2CCC9A9268A4	32:00.0	32:00.0	Pacific Standard Time	687	478	81	3
1B3D7D69-A1D0-4B8B-B86A-D31F8CFF2B2E	31:00.0	31:00.0	Pacific Standard Time	216	133	72	0
7A5B3916-AD6C-445E-A6C5-BC582EB20530	31:00.0	31:00.0	Pacific Standard Time	1100	936	58	4
E10D7DB4-C792-42AC-BAE8-969FA63F198D	31:00.0	31:00.0	Pacific Standard Time	1232	778	62	16
ACF9CF85-6991-42B9-9467-6094008D1094	31:00.0	31:00.0	Pacific Standard Time	990	604	108	69
859835AD-E855-4DBF-83ED-419DEF40537C	31:00.0	31:00.0	Pacific Standard Time	1189	878	83	31
33B31206-E1F8-44CE-87A5-318C6D198416	31:00.0	31:00.0	Pacific Standard Time	807	568	73	16
3B3F3EC1-5D84-4C80-9CAD-2CCC9A9268A4	31:00.0	31:00.0	Pacific Standard Time	687	479	81	3
1B3D7D69-A1D0-4B8B-B86A-D31F8CFF2B2E	30:00.0	30:00.0	Pacific Standard Time	216	132	70	0
7A5B3916-AD6C-445E-A6C5-BC582EB20530	30:00.0	30:00.0	Pacific Standard Time	1100	935	59	4
E10D7DB4-C792-42AC-BAE8-969FA63F198D	30:00.0	30:00.0	Pacific Standard Time	1232	776	62	16
ACF9CF85-6991-42B9-9467-6094008D1094	30:00.0	30:00.0	Pacific Standard Time	990	603	107	69
859835AD-E855-4DBF-83ED-419DEF40537C	30:00.0	30:00.0	Pacific Standard Time	1189	881	83	32
33B31206-E1F8-44CE-87A5-318C6D198416	30:00.0	30:00.0	Pacific Standard Time	807	569	73	16
3B3F3EC1-5D84-4C80-9CAD-2CCC9A9268A4	30:00.0	30:00.0	Pacific Standard Time	687	480	80	3
1B3D7D69-A1D0-4B8B-B86A-D31F8CFF2B2E	29:00.0	29:00.0	Pacific Standard Time	216	132	69	0
7A5B3916-AD6C-445E-A6C5-BC582EB20530	29:00.0	29:00.0	Pacific Standard Time	1100	935	59	4
E10D7DB4-C792-42AC-BAE8-969FA63F198D	29:00.0	29:00.0	Pacific Standard Time	1232	776	61	16
ACF9CF85-6991-42B9-9467-6094008D1094	29:00.0	29:00.0	Pacific Standard Time	990	603	106	69
859835AD-E855-4DBF-83ED-419DEF40537C	29:00.0	29:00.0	Pacific Standard Time	1189	881	83	32
33B31206-E1F8-44CE-87A5-318C6D198416	29:00.0	29:00.0	Pacific Standard Time	807	569	73	16
3B3F3EC1-5D84-4C80-9CAD-2CCC9A9268A4	29:00.0	29:00.0	Pacific Standard Time	687	480	78	3
1B3D7D69-A1D0-4B8B-B86A-D31F8CFF2B2E	28:00.0	28:00.0	Pacific Standard Time	216	132	69	0
7A5B3916-AD6C-445E-A6C5-BC582EB20530	28:00.0	28:00.0	Pacific Standard Time	1100	935	59	4
E10D7DB4-C792-42AC-BAE8-969FA63F198D	28:00.0	28:00.0	Pacific Standard Time	1232	776	61	16
ACF9CF85-6991-42B9-9467-6094008D1094	28:00.0	28:00.0	Pacific Standard Time	990	603	106	69
859835AD-E855-4DBF-83ED-419DEF40537C	28:00.0	28:00.0	Pacific Standard Time	1189	881	83	32
33B31206-E1F8-44CE-87A5-318C6D198416	28:00.0	28:00.0	Pacific Standard Time	807	569	73	16
3B3F3EC1-5D84-4C80-9CAD-2CCC9A9268A4	28:00.0	28:00.0	Pacific Standard Time	687	480	78	3
1B3D7D69-A1D0-4B8B-B86A-D31F8CFF2B2E	27:00.0	27:00.0	Pacific Standard Time	216	132	69	0
7A5B3916-AD6C-445E-A6C5-BC582EB20530	27:00.0	27:00.0	Pacific Standard Time	1100	935	59	4
E10D7DB4-C792-42AC-BAE8-969FA63F198D	27:00.0	27:00.0	Pacific Standard Time	1232	776	60	16
ACF9CF85-6991-42B9-9467-6094008D1094	27:00.0	27:00.0	Pacific Standard Time	990	603	106	69
859835AD-E855-4DBF-83ED-419DEF40537C	27:00.0	27:00.0	Pacific Standard Time	1189	881	83	32
33B31206-E1F8-44CE-87A5-318C6D198416	27:00.0	27:00.0	Pacific Standard Time	807	569	73	16
3B3F3EC1-5D84-4C80-9CAD-2CCC9A9268A4	27:00.0	27:00.0	Pacific Standard Time	687	480	76	3
1B3D7D69-A1D0-4B8B-B86A-D31F8CFF2B2E	26:00.0	26:00.0	Pacific Standard Time	216	133	70	0
7A5B3916-AD6C-445E-A6C5-BC582EB20530	26:00.0	26:00.0	Pacific Standard Time	1100	936	59	4
E10D7DB4-C792-42AC-BAE8-969FA63F198D	26:00.0	26:00.0	Pacific Standard Time	1232	775	60	16
ACF9CF85-6991-42B9-9467-6094008D1094	26:00.0	26:00.0	Pacific Standard Time	990	604	106	69
859835AD-E855-4DBF-83ED-419DEF40537C	26:00.0	26:00.0	Pacific Standard Time	1189	882	83	32
33B31206-E1F8-44CE-87A5-318C6D198416	26:00.0	26:00.0	Pacific Standard Time	807	568	73	16
3B3F3EC1-5D84-4C80-9CAD-2CCC9A9268A4	26:00.0	26:00.0	Pacific Standard Time	687	480	76	3
1B3D7D69-A1D0-4B8B-B86A-D31F8CFF2B2E	25:00.0	25:00.0	Pacific Standard Time	216	132	67	0
7A5B3916-AD6C-445E-A6C5-BC582EB20530	25:00.0	25:00.0	Pacific Standard Time	1100	937	56	4
E10D7DB4-C792-42AC-BAE8-969FA63F198D	25:00.0	25:00.0	Pacific Standard Time	1232	775	59	16
ACF9CF85-6991-42B9-9467-6094008D1094	25:00.0	25:00.0	Pacific Standard Time	990	602	104	69
859835AD-E855-4DBF-83ED-419DEF40537C	25:00.0	25:00.0	Pacific Standard Time	1189	883	82	32
33B31206-E1F8-44CE-87A5-318C6D198416	25:00.0	25:00.0	Pacific Standard Time	807	570	72	16
3B3F3EC1-5D84-4C80-9CAD-2CCC9A9268A4	25:00.0	25:00.0	Pacific Standard Time	687	482	73	3
1B3D7D69-A1D0-4B8B-B86A-D31F8CFF2B2E	24:00.0	24:00.0	Pacific Standard Time	216	133	66	0
7A5B3916-AD6C-445E-A6C5-BC582EB20530	24:00.0	24:00.0	Pacific Standard Time	1100	935	55	4
E10D7DB4-C792-42AC-BAE8-969FA63F198D	24:00.0	24:00.0	Pacific Standard Time	1232	774	58	16
ACF9CF85-6991-42B9-9467-6094008D1094	24:00.0	24:00.0	Pacific Standard Time	990	600	104	69
859835AD-E855-4DBF-83ED-419DEF40537C	24:00.0	24:00.0	Pacific Standard Time	1189	886	81	32
33B31206-E1F8-44CE-87A5-318C6D198416	24:00.0	24:00.0	Pacific Standard Time	807	571	68	16
3B3F3EC1-5D84-4C80-9CAD-2CCC9A9268A4	24:00.0	24:00.0	Pacific Standard Time	687	484	73	3
1B3D7D69-A1D0-4B8B-B86A-D31F8CFF2B2E	23:00.0	23:00.0	Pacific Standard Time	216	133	66	0
7A5B3916-AD6C-445E-A6C5-BC582EB20530	23:00.0	23:00.0	Pacific Standard Time	1100	935	55	4
E10D7DB4-C792-42AC-BAE8-969FA63F198D	23:00.0	23:00.0	Pacific Standard Time	1232	775	59	16
ACF9CF85-6991-42B9-9467-6094008D1094	23:00.0	23:00.0	Pacific Standard Time	990	601	105	69
859835AD-E855-4DBF-83ED-419DEF40537C	23:00.0	23:00.0	Pacific Standard Time	1189	886	82	32
33B31206-E1F8-44CE-87A5-318C6D198416	23:00.0	23:00.0	Pacific Standard Time	807	571	68	16
3B3F3EC1-5D84-4C80-9CAD-2CCC9A9268A4	23:00.0	23:00.0	Pacific Standard Time	687	485	73	3
1B3D7D69-A1D0-4B8B-B86A-D31F8CFF2B2E	22:00.0	22:00.0	Pacific Standard Time	216	133	66	0
7A5B3916-AD6C-445E-A6C5-BC582EB20530	22:00.0	22:00.0	Pacific Standard Time	1100	935	55	4
E10D7DB4-C792-42AC-BAE8-969FA63F198D	22:00.0	22:00.0	Pacific Standard Time	1232	776	59	16
ACF9CF85-6991-42B9-9467-6094008D1094	22:00.0	22:00.0	Pacific Standard Time	990	602	105	69
859835AD-E855-4DBF-83ED-419DEF40537C	22:00.0	22:00.0	Pacific Standard Time	1189	883	82	32
33B31206-E1F8-44CE-87A5-318C6D198416	22:00.0	22:00.0	Pacific Standard Time	807	570	68	16
3B3F3EC1-5D84-4C80-9CAD-2CCC9A9268A4	22:00.0	22:00.0	Pacific Standard Time	687	487	73	3
1B3D7D69-A1D0-4B8B-B86A-D31F8CFF2B2E	21:00.0	21:00.0	Pacific Standard Time	216	130	66	0
7A5B3916-AD6C-445E-A6C5-BC582EB20530	21:00.0	21:00.0	Pacific Standard Time	1100	936	55	4
E10D7DB4-C792-42AC-BAE8-969FA63F198D	21:00.0	21:00.0	Pacific Standard Time	1232	777	59	16
ACF9CF85-6991-42B9-9467-6094008D1094	21:00.0	21:00.0	Pacific Standard Time	990	609	105	69
859835AD-E855-4DBF-83ED-419DEF40537C	21:00.0	21:00.0	Pacific Standard Time	1189	882	82	32
33B31206-E1F8-44CE-87A5-318C6D198416	21:00.0	21:00.0	Pacific Standard Time	807	570	68	16
3B3F3EC1-5D84-4C80-9CAD-2CCC9A9268A4	21:00.0	21:00.0	Pacific Standard Time	687	487	73	3
1B3D7D69-A1D0-4B8B-B86A-D31F8CFF2B2E	20:00.0	20:00.0	Pacific Standard Time	216	130	66	0
7A5B3916-AD6C-445E-A6C5-BC582EB20530	20:00.0	20:00.0	Pacific Standard Time	1100	940	55	4
E10D7DB4-C792-42AC-BAE8-969FA63F198D	20:00.0	20:00.0	Pacific Standard Time	1232	778	59	17
ACF9CF85-6991-42B9-9467-6094008D1094	20:00.0	20:00.0	Pacific Standard Time	990	611	106	69
859835AD-E855-4DBF-83ED-419DEF40537C	20:00.0	20:00.0	Pacific Standard Time	1189	883	82	32
33B31206-E1F8-44CE-87A5-318C6D198416	20:00.0	20:00.0	Pacific Standard Time	807	570	68	16
3B3F3EC1-5D84-4C80-9CAD-2CCC9A9268A4	20:00.0	20:00.0	Pacific Standard Time	687	488	74	3
1B3D7D69-A1D0-4B8B-B86A-D31F8CFF2B2E	19:00.0	19:00.0	Pacific Standard Time	216	131	66	0
7A5B3916-AD6C-445E-A6C5-BC582EB20530	19:00.0	19:00.0	Pacific Standard Time	1100	939	55	4
E10D7DB4-C792-42AC-BAE8-969FA63F198D	19:00.0	19:00.0	Pacific Standard Time	1232	777	59	17
ACF9CF85-6991-42B9-9467-6094008D1094	19:00.0	19:00.0	Pacific Standard Time	990	613	106	69
859835AD-E855-4DBF-83ED-419DEF40537C	19:00.0	19:00.0	Pacific Standard Time	1189	884	83	32
33B31206-E1F8-44CE-87A5-318C6D198416	19:00.0	19:00.0	Pacific Standard Time	807	571	68	16
3B3F3EC1-5D84-4C80-9CAD-2CCC9A9268A4	19:00.0	19:00.0	Pacific Standard Time	687	489	74	3
1B3D7D69-A1D0-4B8B-B86A-D31F8CFF2B2E	18:00.0	18:00.0	Pacific Standard Time	216	130	65	0
7A5B3916-AD6C-445E-A6C5-BC582EB20530	18:00.0	18:00.0	Pacific Standard Time	1100	942	56	4
E10D7DB4-C792-42AC-BAE8-969FA63F198D	18:00.0	18:00.0	Pacific Standard Time	1232	776	60	17
ACF9CF85-6991-42B9-9467-6094008D1094	18:00.0	18:00.0	Pacific Standard Time	990	613	106	70
859835AD-E855-4DBF-83ED-419DEF40537C	18:00.0	18:00.0	Pacific Standard Time	1189	885	83	32
33B31206-E1F8-44CE-87A5-318C6D198416	18:00.0	18:00.0	Pacific Standard Time	807	570	69	16
3B3F3EC1-5D84-4C80-9CAD-2CCC9A9268A4	18:00.0	18:00.0	Pacific Standard Time	687	490	74	3
1B3D7D69-A1D0-4B8B-B86A-D31F8CFF2B2E	17:00.0	17:00.0	Pacific Standard Time	216	130	65	0
7A5B3916-AD6C-445E-A6C5-BC582EB20530	17:00.0	17:00.0	Pacific Standard Time	1100	944	56	4
E10D7DB4-C792-42AC-BAE8-969FA63F198D	17:00.0	17:00.0	Pacific Standard Time	1232	775	60	17
ACF9CF85-6991-42B9-9467-6094008D1094	17:00.0	17:00.0	Pacific Standard Time	990	615	106	70
859835AD-E855-4DBF-83ED-419DEF40537C	17:00.0	17:00.0	Pacific Standard Time	1189	885	83	32
33B31206-E1F8-44CE-87A5-318C6D198416	17:00.0	17:00.0	Pacific Standard Time	807	573	69	16
3B3F3EC1-5D84-4C80-9CAD-2CCC9A9268A4	17:00.0	17:00.0	Pacific Standard Time	687	491	74	3
1B3D7D69-A1D0-4B8B-B86A-D31F8CFF2B2E	16:00.0	16:00.0	Pacific Standard Time	216	130	65	0
7A5B3916-AD6C-445E-A6C5-BC582EB20530	16:00.0	16:00.0	Pacific Standard Time	1100	944	56	4
E10D7DB4-C792-42AC-BAE8-969FA63F198D	16:00.0	16:00.0	Pacific Standard Time	1232	780	60	18
ACF9CF85-6991-42B9-9467-6094008D1094	16:00.0	16:00.0	Pacific Standard Time	990	618	105	71
859835AD-E855-4DBF-83ED-419DEF40537C	16:00.0	16:00.0	Pacific Standard Time	1189	885	83	32
33B31206-E1F8-44CE-87A5-318C6D198416	16:00.0	16:00.0	Pacific Standard Time	807	576	69	16
3B3F3EC1-5D84-4C80-9CAD-2CCC9A9268A4	16:00.0	16:00.0	Pacific Standard Time	687	491	74	3
1B3D7D69-A1D0-4B8B-B86A-D31F8CFF2B2E	15:00.0	15:00.0	Pacific Standard Time	216	132	66	0
7A5B3916-AD6C-445E-A6C5-BC582EB20530	15:00.0	15:00.0	Pacific Standard Time	1100	950	57	4
E10D7DB4-C792-42AC-BAE8-969FA63F198D	15:00.0	15:00.0	Pacific Standard Time	1232	779	59	18
ACF9CF85-6991-42B9-9467-6094008D1094	15:00.0	15:00.0	Pacific Standard Time	990	618	105	71
859835AD-E855-4DBF-83ED-419DEF40537C	15:00.0	15:00.0	Pacific Standard Time	1189	886	82	32
33B31206-E1F8-44CE-87A5-318C6D198416	15:00.0	15:00.0	Pacific Standard Time	807	578	68	16
3B3F3EC1-5D84-4C80-9CAD-2CCC9A9268A4	15:00.0	15:00.0	Pacific Standard Time	687	489	74	3
1B3D7D69-A1D0-4B8B-B86A-D31F8CFF2B2E	14:00.0	14:00.0	Pacific Standard Time	216	133	65	0
7A5B3916-AD6C-445E-A6C5-BC582EB20530	14:00.0	14:00.0	Pacific Standard Time	1100	952	57	4
E10D7DB4-C792-42AC-BAE8-969FA63F198D	14:00.0	14:00.0	Pacific Standard Time	1232	782	59	18
ACF9CF85-6991-42B9-9467-6094008D1094	14:00.0	14:00.0	Pacific Standard Time	990	617	105	71
859835AD-E855-4DBF-83ED-419DEF40537C	14:00.0	14:00.0	Pacific Standard Time	1189	886	81	32
33B31206-E1F8-44CE-87A5-318C6D198416	14:00.0	14:00.0	Pacific Standard Time	807	576	66	16
3B3F3EC1-5D84-4C80-9CAD-2CCC9A9268A4	14:00.0	14:00.0	Pacific Standard Time	687	489	74	3
1B3D7D69-A1D0-4B8B-B86A-D31F8CFF2B2E	13:00.0	13:00.0	Pacific Standard Time	216	134	65	0
7A5B3916-AD6C-445E-A6C5-BC582EB20530	13:00.0	13:00.0	Pacific Standard Time	1100	953	57	4
E10D7DB4-C792-42AC-BAE8-969FA63F198D	13:00.0	13:00.0	Pacific Standard Time	1232	784	59	18
ACF9CF85-6991-42B9-9467-6094008D1094	13:00.0	13:00.0	Pacific Standard Time	990	617	105	71
859835AD-E855-4DBF-83ED-419DEF40537C	13:00.0	13:00.0	Pacific Standard Time	1189	887	81	33
33B31206-E1F8-44CE-87A5-318C6D198416	13:00.0	13:00.0	Pacific Standard Time	807	577	64	16
3B3F3EC1-5D84-4C80-9CAD-2CCC9A9268A4	13:00.0	13:00.0	Pacific Standard Time	687	489	73	3
1B3D7D69-A1D0-4B8B-B86A-D31F8CFF2B2E	12:00.0	12:00.0	Pacific Standard Time	216	134	65	0
7A5B3916-AD6C-445E-A6C5-BC582EB20530	12:00.0	12:00.0	Pacific Standard Time	1100	952	57	4
E10D7DB4-C792-42AC-BAE8-969FA63F198D	12:00.0	12:00.0	Pacific Standard Time	1232	786	60	18
ACF9CF85-6991-42B9-9467-6094008D1094	12:00.0	12:00.0	Pacific Standard Time	990	618	105	71
859835AD-E855-4DBF-83ED-419DEF40537C	12:00.0	12:00.0	Pacific Standard Time	1189	887	81	33
33B31206-E1F8-44CE-87A5-318C6D198416	12:00.0	12:00.0	Pacific Standard Time	807	579	62	16
3B3F3EC1-5D84-4C80-9CAD-2CCC9A9268A4	12:00.0	12:00.0	Pacific Standard Time	687	489	72	3
1B3D7D69-A1D0-4B8B-B86A-D31F8CFF2B2E	11:00.0	11:00.0	Pacific Standard Time	216	133	65	0
7A5B3916-AD6C-445E-A6C5-BC582EB20530	11:00.0	11:00.0	Pacific Standard Time	1100	951	56	4
E10D7DB4-C792-42AC-BAE8-969FA63F198D	11:00.0	11:00.0	Pacific Standard Time	1232	793	60	19
ACF9CF85-6991-42B9-9467-6094008D1094	11:00.0	11:00.0	Pacific Standard Time	990	615	105	71
859835AD-E855-4DBF-83ED-419DEF40537C	11:00.0	11:00.0	Pacific Standard Time	1189	886	81	33
33B31206-E1F8-44CE-87A5-318C6D198416	11:00.0	11:00.0	Pacific Standard Time	807	578	61	16
3B3F3EC1-5D84-4C80-9CAD-2CCC9A9268A4	11:00.0	11:00.0	Pacific Standard Time	687	487	72	3
1B3D7D69-A1D0-4B8B-B86A-D31F8CFF2B2E	10:00.0	10:00.0	Pacific Standard Time	216	135	67	0
7A5B3916-AD6C-445E-A6C5-BC582EB20530	10:00.0	10:00.0	Pacific Standard Time	1100	952	56	4
E10D7DB4-C792-42AC-BAE8-969FA63F198D	10:00.0	10:00.0	Pacific Standard Time	1232	795	61	19
ACF9CF85-6991-42B9-9467-6094008D1094	10:00.0	10:00.0	Pacific Standard Time	990	616	104	71
859835AD-E855-4DBF-83ED-419DEF40537C	10:00.0	10:00.0	Pacific Standard Time	1189	887	81	33
33B31206-E1F8-44CE-87A5-318C6D198416	10:00.0	10:00.0	Pacific Standard Time	807	577	60	16
3B3F3EC1-5D84-4C80-9CAD-2CCC9A9268A4	10:00.0	10:00.0	Pacific Standard Time	687	489	71	3
1B3D7D69-A1D0-4B8B-B86A-D31F8CFF2B2E	09:00.0	09:00.0	Pacific Standard Time	216	136	68	0
7A5B3916-AD6C-445E-A6C5-BC582EB20530	09:00.0	09:00.0	Pacific Standard Time	1100	971	56	4
E10D7DB4-C792-42AC-BAE8-969FA63F198D	09:00.0	09:00.0	Pacific Standard Time	1232	815	59	19
ACF9CF85-6991-42B9-9467-6094008D1094	09:00.0	09:00.0	Pacific Standard Time	990	620	104	71
859835AD-E855-4DBF-83ED-419DEF40537C	09:00.0	09:00.0	Pacific Standard Time	1189	892	81	33
33B31206-E1F8-44CE-87A5-318C6D198416	09:00.0	09:00.0	Pacific Standard Time	807	585	60	16
3B3F3EC1-5D84-4C80-9CAD-2CCC9A9268A4	09:00.0	09:00.0	Pacific Standard Time	687	496	71	3
1B3D7D69-A1D0-4B8B-B86A-D31F8CFF2B2E	08:00.0	08:00.0	Pacific Standard Time	216	136	67	0
7A5B3916-AD6C-445E-A6C5-BC582EB20530	08:00.0	08:00.0	Pacific Standard Time	1100	971	57	4
E10D7DB4-C792-42AC-BAE8-969FA63F198D	08:00.0	08:00.0	Pacific Standard Time	1232	815	59	19
ACF9CF85-6991-42B9-9467-6094008D1094	08:00.0	08:00.0	Pacific Standard Time	990	621	104	71
859835AD-E855-4DBF-83ED-419DEF40537C	08:00.0	08:00.0	Pacific Standard Time	1189	892	82	33
33B31206-E1F8-44CE-87A5-318C6D198416	08:00.0	08:00.0	Pacific Standard Time	807	585	60	16
3B3F3EC1-5D84-4C80-9CAD-2CCC9A9268A4	08:00.0	08:00.0	Pacific Standard Time	687	496	71	3
1B3D7D69-A1D0-4B8B-B86A-D31F8CFF2B2E	07:00.0	07:00.0	Pacific Standard Time	216	136	66	0
7A5B3916-AD6C-445E-A6C5-BC582EB20530	07:00.0	07:00.0	Pacific Standard Time	1100	971	57	4
E10D7DB4-C792-42AC-BAE8-969FA63F198D	07:00.0	07:00.0	Pacific Standard Time	1232	815	61	17
ACF9CF85-6991-42B9-9467-6094008D1094	07:00.0	07:00.0	Pacific Standard Time	990	623	104	71
859835AD-E855-4DBF-83ED-419DEF40537C	07:00.0	07:00.0	Pacific Standard Time	1189	892	83	33
33B31206-E1F8-44CE-87A5-318C6D198416	07:00.0	07:00.0	Pacific Standard Time	807	585	61	16
3B3F3EC1-5D84-4C80-9CAD-2CCC9A9268A4	07:00.0	07:00.0	Pacific Standard Time	687	496	71	3
1B3D7D69-A1D0-4B8B-B86A-D31F8CFF2B2E	06:00.0	06:00.0	Pacific Standard Time	216	136	66	0
7A5B3916-AD6C-445E-A6C5-BC582EB20530	06:00.0	06:00.0	Pacific Standard Time	1100	971	58	4
E10D7DB4-C792-42AC-BAE8-969FA63F198D	06:00.0	06:00.0	Pacific Standard Time	1232	816	62	15
ACF9CF85-6991-42B9-9467-6094008D1094	06:00.0	06:00.0	Pacific Standard Time	990	624	104	71
859835AD-E855-4DBF-83ED-419DEF40537C	06:00.0	06:00.0	Pacific Standard Time	1189	892	83	33
33B31206-E1F8-44CE-87A5-318C6D198416	06:00.0	06:00.0	Pacific Standard Time	807	585	61	16
3B3F3EC1-5D84-4C80-9CAD-2CCC9A9268A4	06:00.0	06:00.0	Pacific Standard Time	687	496	71	3
1B3D7D69-A1D0-4B8B-B86A-D31F8CFF2B2E	05:00.0	05:00.0	Pacific Standard Time	216	136	66	0
7A5B3916-AD6C-445E-A6C5-BC582EB20530	05:00.0	05:00.0	Pacific Standard Time	1100	971	57	4
E10D7DB4-C792-42AC-BAE8-969FA63F198D	05:00.0	05:00.0	Pacific Standard Time	1232	816	63	15
ACF9CF85-6991-42B9-9467-6094008D1094	05:00.0	05:00.0	Pacific Standard Time	990	624	103	71
859835AD-E855-4DBF-83ED-419DEF40537C	05:00.0	05:00.0	Pacific Standard Time	1189	892	83	33
33B31206-E1F8-44CE-87A5-318C6D198416	05:00.0	05:00.0	Pacific Standard Time	807	585	62	16
3B3F3EC1-5D84-4C80-9CAD-2CCC9A9268A4	05:00.0	05:00.0	Pacific Standard Time	687	496	71	3
1B3D7D69-A1D0-4B8B-B86A-D31F8CFF2B2E	04:00.0	04:00.0	Pacific Standard Time	216	136	65	0
7A5B3916-AD6C-445E-A6C5-BC582EB20530	04:00.0	04:00.0	Pacific Standard Time	1100	971	57	4
E10D7DB4-C792-42AC-BAE8-969FA63F198D	04:00.0	04:00.0	Pacific Standard Time	1232	816	63	15
ACF9CF85-6991-42B9-9467-6094008D1094	04:00.0	04:00.0	Pacific Standard Time	990	624	102	71
859835AD-E855-4DBF-83ED-419DEF40537C	04:00.0	04:00.0	Pacific Standard Time	1189	892	83	33
33B31206-E1F8-44CE-87A5-318C6D198416	04:00.0	04:00.0	Pacific Standard Time	807	585	60	16
3B3F3EC1-5D84-4C80-9CAD-2CCC9A9268A4	04:00.0	04:00.0	Pacific Standard Time	687	496	71	3
1B3D7D69-A1D0-4B8B-B86A-D31F8CFF2B2E	03:00.0	03:00.0	Pacific Standard Time	216	135	65	0
7A5B3916-AD6C-445E-A6C5-BC582EB20530	03:00.0	03:00.0	Pacific Standard Time	1100	971	58	4
E10D7DB4-C792-42AC-BAE8-969FA63F198D	03:00.0	03:00.0	Pacific Standard Time	1232	821	63	15
ACF9CF85-6991-42B9-9467-6094008D1094	03:00.0	03:00.0	Pacific Standard Time	990	622	101	71
859835AD-E855-4DBF-83ED-419DEF40537C	03:00.0	03:00.0	Pacific Standard Time	1189	895	83	33
33B31206-E1F8-44CE-87A5-318C6D198416	03:00.0	03:00.0	Pacific Standard Time	807	586	61	16
3B3F3EC1-5D84-4C80-9CAD-2CCC9A9268A4	03:00.0	03:00.0	Pacific Standard Time	687	497	71	3
1B3D7D69-A1D0-4B8B-B86A-D31F8CFF2B2E	02:00.0	02:00.0	Pacific Standard Time	216	134	65	0
7A5B3916-AD6C-445E-A6C5-BC582EB20530	02:00.0	02:00.0	Pacific Standard Time	1100	973	58	4
E10D7DB4-C792-42AC-BAE8-969FA63F198D	02:00.0	02:00.0	Pacific Standard Time	1232	827	64	15
ACF9CF85-6991-42B9-9467-6094008D1094	02:00.0	02:00.0	Pacific Standard Time	990	625	101	73
859835AD-E855-4DBF-83ED-419DEF40537C	02:00.0	02:00.0	Pacific Standard Time	1189	895	83	33
33B31206-E1F8-44CE-87A5-318C6D198416	02:00.0	02:00.0	Pacific Standard Time	807	588	62	16
3B3F3EC1-5D84-4C80-9CAD-2CCC9A9268A4	02:00.0	02:00.0	Pacific Standard Time	687	501	72	3
1B3D7D69-A1D0-4B8B-B86A-D31F8CFF2B2E	01:00.0	01:00.0	Pacific Standard Time	216	134	64	0
7A5B3916-AD6C-445E-A6C5-BC582EB20530	01:00.0	01:00.0	Pacific Standard Time	1100	972	58	4
E10D7DB4-C792-42AC-BAE8-969FA63F198D	01:00.0	01:00.0	Pacific Standard Time	1232	831	64	15
ACF9CF85-6991-42B9-9467-6094008D1094	01:00.0	01:00.0	Pacific Standard Time	990	630	101	73
859835AD-E855-4DBF-83ED-419DEF40537C	01:00.0	01:00.0	Pacific Standard Time	1189	897	84	33
33B31206-E1F8-44CE-87A5-318C6D198416	01:00.0	01:00.0	Pacific Standard Time	807	586	62	16
3B3F3EC1-5D84-4C80-9CAD-2CCC9A9268A4	01:00.0	01:00.0	Pacific Standard Time	687	506	73	3
1B3D7D69-A1D0-4B8B-B86A-D31F8CFF2B2E	00:00.0	00:00.0	Pacific Standard Time	216	133	65	0
7A5B3916-AD6C-445E-A6C5-BC582EB20530	00:00.0	00:00.0	Pacific Standard Time	1100	972	58	4
E10D7DB4-C792-42AC-BAE8-969FA63F198D	00:00.0	00:00.0	Pacific Standard Time	1232	836	66	15
ACF9CF85-6991-42B9-9467-6094008D1094	00:00.0	00:00.0	Pacific Standard Time	990	636	101	73
859835AD-E855-4DBF-83ED-419DEF40537C	00:00.0	00:00.0	Pacific Standard Time	1189	897	84	33
33B31206-E1F8-44CE-87A5-318C6D198416	00:00.0	00:00.0	Pacific Standard Time	807	585	63	16
3B3F3EC1-5D84-4C80-9CAD-2CCC9A9268A4	00:00.0	00:00.0	Pacific Standard Time	687	506	73	3
1B3D7D69-A1D0-4B8B-B86A-D31F8CFF2B2E	59:00.0	59:00.0	Pacific Standard Time	216	130	63	0
7A5B3916-AD6C-445E-A6C5-BC582EB20530	59:00.0	59:00.0	Pacific Standard Time	1100	972	58	4
E10D7DB4-C792-42AC-BAE8-969FA63F198D	59:00.0	59:00.0	Pacific Standard Time	1232	839	64	15
ACF9CF85-6991-42B9-9467-6094008D1094	59:00.0	59:00.0	Pacific Standard Time	990	642	102	73
859835AD-E855-4DBF-83ED-419DEF40537C	59:00.0	59:00.0	Pacific Standard Time	1189	897	79	33
33B31206-E1F8-44CE-87A5-318C6D198416	59:00.0	59:00.0	Pacific Standard Time	807	589	62	16
3B3F3EC1-5D84-4C80-9CAD-2CCC9A9268A4	59:00.0	59:00.0	Pacific Standard Time	687	506	71	3
1B3D7D69-A1D0-4B8B-B86A-D31F8CFF2B2E	58:00.0	58:00.0	Pacific Standard Time	216	129	63	0
7A5B3916-AD6C-445E-A6C5-BC582EB20530	58:00.0	58:00.0	Pacific Standard Time	1100	974	58	4
E10D7DB4-C792-42AC-BAE8-969FA63F198D	58:00.0	58:00.0	Pacific Standard Time	1232	840	64	15
ACF9CF85-6991-42B9-9467-6094008D1094	58:00.0	58:00.0	Pacific Standard Time	990	650	102	74
859835AD-E855-4DBF-83ED-419DEF40537C	58:00.0	58:00.0	Pacific Standard Time	1189	896	80	33
33B31206-E1F8-44CE-87A5-318C6D198416	58:00.0	58:00.0	Pacific Standard Time	807	593	63	16
3B3F3EC1-5D84-4C80-9CAD-2CCC9A9268A4	58:00.0	58:00.0	Pacific Standard Time	687	506	71	3
1B3D7D69-A1D0-4B8B-B86A-D31F8CFF2B2E	57:00.0	57:00.0	Pacific Standard Time	216	129	63	0
7A5B3916-AD6C-445E-A6C5-BC582EB20530	57:00.0	57:00.0	Pacific Standard Time	1100	975	58	4
E10D7DB4-C792-42AC-BAE8-969FA63F198D	57:00.0	57:00.0	Pacific Standard Time	1232	841	65	15
ACF9CF85-6991-42B9-9467-6094008D1094	57:00.0	57:00.0	Pacific Standard Time	990	648	102	74
859835AD-E855-4DBF-83ED-419DEF40537C	57:00.0	57:00.0	Pacific Standard Time	1189	897	81	33
33B31206-E1F8-44CE-87A5-318C6D198416	57:00.0	57:00.0	Pacific Standard Time	807	592	63	16
3B3F3EC1-5D84-4C80-9CAD-2CCC9A9268A4	57:00.0	57:00.0	Pacific Standard Time	687	504	72	3
1B3D7D69-A1D0-4B8B-B86A-D31F8CFF2B2E	56:00.0	56:00.0	Pacific Standard Time	216	130	63	0
7A5B3916-AD6C-445E-A6C5-BC582EB20530	56:00.0	56:00.0	Pacific Standard Time	1100	978	58	4
E10D7DB4-C792-42AC-BAE8-969FA63F198D	56:00.0	56:00.0	Pacific Standard Time	1232	840	65	15
ACF9CF85-6991-42B9-9467-6094008D1094	56:00.0	56:00.0	Pacific Standard Time	990	645	102	74
859835AD-E855-4DBF-83ED-419DEF40537C	56:00.0	56:00.0	Pacific Standard Time	1189	898	82	33
33B31206-E1F8-44CE-87A5-318C6D198416	56:00.0	56:00.0	Pacific Standard Time	807	589	64	16
3B3F3EC1-5D84-4C80-9CAD-2CCC9A9268A4	56:00.0	56:00.0	Pacific Standard Time	687	507	72	3
1B3D7D69-A1D0-4B8B-B86A-D31F8CFF2B2E	55:00.0	55:00.0	Pacific Standard Time	216	130	63	0
7A5B3916-AD6C-445E-A6C5-BC582EB20530	55:00.0	55:00.0	Pacific Standard Time	1100	980	58	4
E10D7DB4-C792-42AC-BAE8-969FA63F198D	55:00.0	55:00.0	Pacific Standard Time	1232	838	65	15
ACF9CF85-6991-42B9-9467-6094008D1094	55:00.0	55:00.0	Pacific Standard Time	990	643	102	74
859835AD-E855-4DBF-83ED-419DEF40537C	55:00.0	55:00.0	Pacific Standard Time	1189	899	82	33
33B31206-E1F8-44CE-87A5-318C6D198416	55:00.0	55:00.0	Pacific Standard Time	807	591	66	16
3B3F3EC1-5D84-4C80-9CAD-2CCC9A9268A4	55:00.0	55:00.0	Pacific Standard Time	687	509	72	3
1B3D7D69-A1D0-4B8B-B86A-D31F8CFF2B2E	54:00.0	54:00.0	Pacific Standard Time	216	130	63	0
7A5B3916-AD6C-445E-A6C5-BC582EB20530	54:00.0	54:00.0	Pacific Standard Time	1100	981	58	4
E10D7DB4-C792-42AC-BAE8-969FA63F198D	54:00.0	54:00.0	Pacific Standard Time	1232	840	67	10
ACF9CF85-6991-42B9-9467-6094008D1094	54:00.0	54:00.0	Pacific Standard Time	990	643	102	74
859835AD-E855-4DBF-83ED-419DEF40537C	54:00.0	54:00.0	Pacific Standard Time	1189	900	82	33
33B31206-E1F8-44CE-87A5-318C6D198416	54:00.0	54:00.0	Pacific Standard Time	807	593	65	16
3B3F3EC1-5D84-4C80-9CAD-2CCC9A9268A4	54:00.0	54:00.0	Pacific Standard Time	687	509	73	3
1B3D7D69-A1D0-4B8B-B86A-D31F8CFF2B2E	53:00.0	53:00.0	Pacific Standard Time	216	130	64	0
7A5B3916-AD6C-445E-A6C5-BC582EB20530	53:00.0	53:00.0	Pacific Standard Time	1100	981	58	4
E10D7DB4-C792-42AC-BAE8-969FA63F198D	53:00.0	53:00.0	Pacific Standard Time	1232	839	67	10
ACF9CF85-6991-42B9-9467-6094008D1094	53:00.0	53:00.0	Pacific Standard Time	990	641	102	74
859835AD-E855-4DBF-83ED-419DEF40537C	53:00.0	53:00.0	Pacific Standard Time	1189	902	82	33
33B31206-E1F8-44CE-87A5-318C6D198416	53:00.0	53:00.0	Pacific Standard Time	807	591	65	16
3B3F3EC1-5D84-4C80-9CAD-2CCC9A9268A4	53:00.0	53:00.0	Pacific Standard Time	687	511	73	3
1B3D7D69-A1D0-4B8B-B86A-D31F8CFF2B2E	52:00.0	52:00.0	Pacific Standard Time	216	131	64	0
7A5B3916-AD6C-445E-A6C5-BC582EB20530	52:00.0	52:00.0	Pacific Standard Time	1100	981	58	4
E10D7DB4-C792-42AC-BAE8-969FA63F198D	52:00.0	52:00.0	Pacific Standard Time	1232	838	67	10
ACF9CF85-6991-42B9-9467-6094008D1094	52:00.0	52:00.0	Pacific Standard Time	990	639	102	74
859835AD-E855-4DBF-83ED-419DEF40537C	52:00.0	52:00.0	Pacific Standard Time	1189	902	82	33
33B31206-E1F8-44CE-87A5-318C6D198416	52:00.0	52:00.0	Pacific Standard Time	807	589	65	17
3B3F3EC1-5D84-4C80-9CAD-2CCC9A9268A4	52:00.0	52:00.0	Pacific Standard Time	687	511	73	3
1B3D7D69-A1D0-4B8B-B86A-D31F8CFF2B2E	51:00.0	51:00.0	Pacific Standard Time	216	132	64	0
7A5B3916-AD6C-445E-A6C5-BC582EB20530	51:00.0	51:00.0	Pacific Standard Time	1100	982	58	4
E10D7DB4-C792-42AC-BAE8-969FA63F198D	51:00.0	51:00.0	Pacific Standard Time	1232	834	67	10
ACF9CF85-6991-42B9-9467-6094008D1094	51:00.0	51:00.0	Pacific Standard Time	990	638	102	74
859835AD-E855-4DBF-83ED-419DEF40537C	51:00.0	51:00.0	Pacific Standard Time	1189	901	82	34
33B31206-E1F8-44CE-87A5-318C6D198416	51:00.0	51:00.0	Pacific Standard Time	807	588	65	17
3B3F3EC1-5D84-4C80-9CAD-2CCC9A9268A4	51:00.0	51:00.0	Pacific Standard Time	687	510	73	3
1B3D7D69-A1D0-4B8B-B86A-D31F8CFF2B2E	50:00.0	50:00.0	Pacific Standard Time	216	135	63	0
7A5B3916-AD6C-445E-A6C5-BC582EB20530	50:00.0	50:00.0	Pacific Standard Time	1100	979	58	4
E10D7DB4-C792-42AC-BAE8-969FA63F198D	50:00.0	50:00.0	Pacific Standard Time	1232	832	67	10
ACF9CF85-6991-42B9-9467-6094008D1094	50:00.0	50:00.0	Pacific Standard Time	990	639	102	75
859835AD-E855-4DBF-83ED-419DEF40537C	50:00.0	50:00.0	Pacific Standard Time	1189	901	83	34
33B31206-E1F8-44CE-87A5-318C6D198416	50:00.0	50:00.0	Pacific Standard Time	807	588	65	17
3B3F3EC1-5D84-4C80-9CAD-2CCC9A9268A4	50:00.0	50:00.0	Pacific Standard Time	687	511	74	3
1B3D7D69-A1D0-4B8B-B86A-D31F8CFF2B2E	49:00.0	49:00.0	Pacific Standard Time	216	133	62	0
7A5B3916-AD6C-445E-A6C5-BC582EB20530	49:00.0	49:00.0	Pacific Standard Time	1100	980	59	4
E10D7DB4-C792-42AC-BAE8-969FA63F198D	49:00.0	49:00.0	Pacific Standard Time	1232	833	67	10
ACF9CF85-6991-42B9-9467-6094008D1094	49:00.0	49:00.0	Pacific Standard Time	990	638	101	75
859835AD-E855-4DBF-83ED-419DEF40537C	49:00.0	49:00.0	Pacific Standard Time	1189	901	83	34
33B31206-E1F8-44CE-87A5-318C6D198416	49:00.0	49:00.0	Pacific Standard Time	807	582	65	17
3B3F3EC1-5D84-4C80-9CAD-2CCC9A9268A4	49:00.0	49:00.0	Pacific Standard Time	687	510	74	3
1B3D7D69-A1D0-4B8B-B86A-D31F8CFF2B2E	48:00.0	48:00.0	Pacific Standard Time	216	129	61	0
7A5B3916-AD6C-445E-A6C5-BC582EB20530	48:00.0	48:00.0	Pacific Standard Time	1100	980	59	4
E10D7DB4-C792-42AC-BAE8-969FA63F198D	48:00.0	48:00.0	Pacific Standard Time	1232	832	67	10
ACF9CF85-6991-42B9-9467-6094008D1094	48:00.0	48:00.0	Pacific Standard Time	990	637	100	75
859835AD-E855-4DBF-83ED-419DEF40537C	48:00.0	48:00.0	Pacific Standard Time	1189	902	83	34
33B31206-E1F8-44CE-87A5-318C6D198416	48:00.0	48:00.0	Pacific Standard Time	807	581	65	17
3B3F3EC1-5D84-4C80-9CAD-2CCC9A9268A4	48:00.0	48:00.0	Pacific Standard Time	687	511	74	3
1B3D7D69-A1D0-4B8B-B86A-D31F8CFF2B2E	47:00.0	47:00.0	Pacific Standard Time	216	129	59	0
7A5B3916-AD6C-445E-A6C5-BC582EB20530	47:00.0	47:00.0	Pacific Standard Time	1100	979	59	4
E10D7DB4-C792-42AC-BAE8-969FA63F198D	47:00.0	47:00.0	Pacific Standard Time	1232	830	68	10
ACF9CF85-6991-42B9-9467-6094008D1094	47:00.0	47:00.0	Pacific Standard Time	990	637	99	76
859835AD-E855-4DBF-83ED-419DEF40537C	47:00.0	47:00.0	Pacific Standard Time	1189	904	83	34
33B31206-E1F8-44CE-87A5-318C6D198416	47:00.0	47:00.0	Pacific Standard Time	807	584	66	17
3B3F3EC1-5D84-4C80-9CAD-2CCC9A9268A4	47:00.0	47:00.0	Pacific Standard Time	687	511	74	3
1B3D7D69-A1D0-4B8B-B86A-D31F8CFF2B2E	46:00.0	46:00.0	Pacific Standard Time	216	132	59	0
7A5B3916-AD6C-445E-A6C5-BC582EB20530	46:00.0	46:00.0	Pacific Standard Time	1100	975	59	4
E10D7DB4-C792-42AC-BAE8-969FA63F198D	46:00.0	46:00.0	Pacific Standard Time	1232	826	68	10
ACF9CF85-6991-42B9-9467-6094008D1094	46:00.0	46:00.0	Pacific Standard Time	990	639	99	78
859835AD-E855-4DBF-83ED-419DEF40537C	46:00.0	46:00.0	Pacific Standard Time	1189	905	83	34
33B31206-E1F8-44CE-87A5-318C6D198416	46:00.0	46:00.0	Pacific Standard Time	807	582	66	17
3B3F3EC1-5D84-4C80-9CAD-2CCC9A9268A4	46:00.0	46:00.0	Pacific Standard Time	687	512	75	3
1B3D7D69-A1D0-4B8B-B86A-D31F8CFF2B2E	45:00.0	45:00.0	Pacific Standard Time	216	131	59	0
7A5B3916-AD6C-445E-A6C5-BC582EB20530	45:00.0	45:00.0	Pacific Standard Time	1100	977	59	4
E10D7DB4-C792-42AC-BAE8-969FA63F198D	45:00.0	45:00.0	Pacific Standard Time	1232	823	68	10
ACF9CF85-6991-42B9-9467-6094008D1094	45:00.0	45:00.0	Pacific Standard Time	990	639	99	78
859835AD-E855-4DBF-83ED-419DEF40537C	45:00.0	45:00.0	Pacific Standard Time	1189	903	83	34
33B31206-E1F8-44CE-87A5-318C6D198416	45:00.0	45:00.0	Pacific Standard Time	807	580	66	17
3B3F3EC1-5D84-4C80-9CAD-2CCC9A9268A4	45:00.0	45:00.0	Pacific Standard Time	687	510	75	3
1B3D7D69-A1D0-4B8B-B86A-D31F8CFF2B2E	44:00.0	44:00.0	Pacific Standard Time	216	134	59	0
7A5B3916-AD6C-445E-A6C5-BC582EB20530	44:00.0	44:00.0	Pacific Standard Time	1100	974	59	4
E10D7DB4-C792-42AC-BAE8-969FA63F198D	44:00.0	44:00.0	Pacific Standard Time	1232	823	68	10
ACF9CF85-6991-42B9-9467-6094008D1094	44:00.0	44:00.0	Pacific Standard Time	990	638	99	78
859835AD-E855-4DBF-83ED-419DEF40537C	44:00.0	44:00.0	Pacific Standard Time	1189	904	83	34
33B31206-E1F8-44CE-87A5-318C6D198416	44:00.0	44:00.0	Pacific Standard Time	807	563	66	17
3B3F3EC1-5D84-4C80-9CAD-2CCC9A9268A4	44:00.0	44:00.0	Pacific Standard Time	687	504	74	3
1B3D7D69-A1D0-4B8B-B86A-D31F8CFF2B2E	43:00.0	43:00.0	Pacific Standard Time	216	134	59	0
7A5B3916-AD6C-445E-A6C5-BC582EB20530	43:00.0	43:00.0	Pacific Standard Time	1100	974	59	4
E10D7DB4-C792-42AC-BAE8-969FA63F198D	43:00.0	43:00.0	Pacific Standard Time	1232	823	68	10
ACF9CF85-6991-42B9-9467-6094008D1094	43:00.0	43:00.0	Pacific Standard Time	990	638	99	78
859835AD-E855-4DBF-83ED-419DEF40537C	43:00.0	43:00.0	Pacific Standard Time	1189	904	83	34
33B31206-E1F8-44CE-87A5-318C6D198416	43:00.0	43:00.0	Pacific Standard Time	807	563	66	17
3B3F3EC1-5D84-4C80-9CAD-2CCC9A9268A4	43:00.0	43:00.0	Pacific Standard Time	687	504	74	3
1B3D7D69-A1D0-4B8B-B86A-D31F8CFF2B2E	42:00.0	42:00.0	Pacific Standard Time	216	134	58	0
7A5B3916-AD6C-445E-A6C5-BC582EB20530	42:00.0	42:00.0	Pacific Standard Time	1100	974	59	4
E10D7DB4-C792-42AC-BAE8-969FA63F198D	42:00.0	42:00.0	Pacific Standard Time	1232	823	68	11
ACF9CF85-6991-42B9-9467-6094008D1094	42:00.0	42:00.0	Pacific Standard Time	990	638	99	78
859835AD-E855-4DBF-83ED-419DEF40537C	42:00.0	42:00.0	Pacific Standard Time	1189	904	83	34
33B31206-E1F8-44CE-87A5-318C6D198416	42:00.0	42:00.0	Pacific Standard Time	807	563	66	17
3B3F3EC1-5D84-4C80-9CAD-2CCC9A9268A4	42:00.0	42:00.0	Pacific Standard Time	687	504	74	3
1B3D7D69-A1D0-4B8B-B86A-D31F8CFF2B2E	41:00.0	41:00.0	Pacific Standard Time	216	134	57	0
7A5B3916-AD6C-445E-A6C5-BC582EB20530	41:00.0	41:00.0	Pacific Standard Time	1100	974	59	4
E10D7DB4-C792-42AC-BAE8-969FA63F198D	41:00.0	41:00.0	Pacific Standard Time	1232	823	68	11
ACF9CF85-6991-42B9-9467-6094008D1094	41:00.0	41:00.0	Pacific Standard Time	990	638	99	78
859835AD-E855-4DBF-83ED-419DEF40537C	41:00.0	41:00.0	Pacific Standard Time	1189	904	83	34
33B31206-E1F8-44CE-87A5-318C6D198416	41:00.0	41:00.0	Pacific Standard Time	807	563	65	17
3B3F3EC1-5D84-4C80-9CAD-2CCC9A9268A4	41:00.0	41:00.0	Pacific Standard Time	687	504	74	3
1B3D7D69-A1D0-4B8B-B86A-D31F8CFF2B2E	40:00.0	40:00.0	Pacific Standard Time	216	134	56	0
7A5B3916-AD6C-445E-A6C5-BC582EB20530	40:00.0	40:00.0	Pacific Standard Time	1100	971	58	4
E10D7DB4-C792-42AC-BAE8-969FA63F198D	40:00.0	40:00.0	Pacific Standard Time	1232	821	68	11
ACF9CF85-6991-42B9-9467-6094008D1094	40:00.0	40:00.0	Pacific Standard Time	990	636	99	78
859835AD-E855-4DBF-83ED-419DEF40537C	40:00.0	40:00.0	Pacific Standard Time	1189	903	83	34
33B31206-E1F8-44CE-87A5-318C6D198416	40:00.0	40:00.0	Pacific Standard Time	807	561	65	17
3B3F3EC1-5D84-4C80-9CAD-2CCC9A9268A4	40:00.0	40:00.0	Pacific Standard Time	687	505	74	3
1B3D7D69-A1D0-4B8B-B86A-D31F8CFF2B2E	39:00.0	39:00.0	Pacific Standard Time	216	133	56	0
7A5B3916-AD6C-445E-A6C5-BC582EB20530	39:00.0	39:00.0	Pacific Standard Time	1100	972	58	4
E10D7DB4-C792-42AC-BAE8-969FA63F198D	39:00.0	39:00.0	Pacific Standard Time	1232	816	68	11
ACF9CF85-6991-42B9-9467-6094008D1094	39:00.0	39:00.0	Pacific Standard Time	990	638	99	78
859835AD-E855-4DBF-83ED-419DEF40537C	39:00.0	39:00.0	Pacific Standard Time	1189	903	83	34
33B31206-E1F8-44CE-87A5-318C6D198416	39:00.0	39:00.0	Pacific Standard Time	807	562	65	17
3B3F3EC1-5D84-4C80-9CAD-2CCC9A9268A4	39:00.0	39:00.0	Pacific Standard Time	687	505	74	3
1B3D7D69-A1D0-4B8B-B86A-D31F8CFF2B2E	38:00.0	38:00.0	Pacific Standard Time	216	133	55	0
7A5B3916-AD6C-445E-A6C5-BC582EB20530	38:00.0	38:00.0	Pacific Standard Time	1100	969	57	4
E10D7DB4-C792-42AC-BAE8-969FA63F198D	38:00.0	38:00.0	Pacific Standard Time	1232	816	66	11
ACF9CF85-6991-42B9-9467-6094008D1094	38:00.0	38:00.0	Pacific Standard Time	990	638	97	78
859835AD-E855-4DBF-83ED-419DEF40537C	38:00.0	38:00.0	Pacific Standard Time	1189	903	83	34
33B31206-E1F8-44CE-87A5-318C6D198416	38:00.0	38:00.0	Pacific Standard Time	807	561	65	17
3B3F3EC1-5D84-4C80-9CAD-2CCC9A9268A4	38:00.0	38:00.0	Pacific Standard Time	687	503	74	3
1B3D7D69-A1D0-4B8B-B86A-D31F8CFF2B2E	37:00.0	37:00.0	Pacific Standard Time	216	133	55	0
7A5B3916-AD6C-445E-A6C5-BC582EB20530	37:00.0	37:00.0	Pacific Standard Time	1100	967	57	4
E10D7DB4-C792-42AC-BAE8-969FA63F198D	37:00.0	37:00.0	Pacific Standard Time	1232	814	68	8
ACF9CF85-6991-42B9-9467-6094008D1094	37:00.0	37:00.0	Pacific Standard Time	990	640	97	79
859835AD-E855-4DBF-83ED-419DEF40537C	37:00.0	37:00.0	Pacific Standard Time	1189	904	83	34
33B31206-E1F8-44CE-87A5-318C6D198416	37:00.0	37:00.0	Pacific Standard Time	807	560	66	17
3B3F3EC1-5D84-4C80-9CAD-2CCC9A9268A4	37:00.0	37:00.0	Pacific Standard Time	687	503	74	3
1B3D7D69-A1D0-4B8B-B86A-D31F8CFF2B2E	36:00.0	36:00.0	Pacific Standard Time	216	130	55	0
7A5B3916-AD6C-445E-A6C5-BC582EB20530	36:00.0	36:00.0	Pacific Standard Time	1100	966	58	4
E10D7DB4-C792-42AC-BAE8-969FA63F198D	36:00.0	36:00.0	Pacific Standard Time	1232	811	68	8
ACF9CF85-6991-42B9-9467-6094008D1094	36:00.0	36:00.0	Pacific Standard Time	990	639	97	80
859835AD-E855-4DBF-83ED-419DEF40537C	36:00.0	36:00.0	Pacific Standard Time	1189	905	84	34
33B31206-E1F8-44CE-87A5-318C6D198416	36:00.0	36:00.0	Pacific Standard Time	807	558	66	17
3B3F3EC1-5D84-4C80-9CAD-2CCC9A9268A4	36:00.0	36:00.0	Pacific Standard Time	687	502	74	3
1B3D7D69-A1D0-4B8B-B86A-D31F8CFF2B2E	35:00.0	35:00.0	Pacific Standard Time	216	130	55	0
7A5B3916-AD6C-445E-A6C5-BC582EB20530	35:00.0	35:00.0	Pacific Standard Time	1100	965	58	4
E10D7DB4-C792-42AC-BAE8-969FA63F198D	35:00.0	35:00.0	Pacific Standard Time	1232	810	68	8
ACF9CF85-6991-42B9-9467-6094008D1094	35:00.0	35:00.0	Pacific Standard Time	990	636	97	80
859835AD-E855-4DBF-83ED-419DEF40537C	35:00.0	35:00.0	Pacific Standard Time	1189	907	84	34
33B31206-E1F8-44CE-87A5-318C6D198416	35:00.0	35:00.0	Pacific Standard Time	807	557	66	17
3B3F3EC1-5D84-4C80-9CAD-2CCC9A9268A4	35:00.0	35:00.0	Pacific Standard Time	687	499	74	3
1B3D7D69-A1D0-4B8B-B86A-D31F8CFF2B2E	34:00.0	34:00.0	Pacific Standard Time	216	130	55	0
7A5B3916-AD6C-445E-A6C5-BC582EB20530	34:00.0	34:00.0	Pacific Standard Time	1100	965	58	4
E10D7DB4-C792-42AC-BAE8-969FA63F198D	34:00.0	34:00.0	Pacific Standard Time	1232	811	68	8
ACF9CF85-6991-42B9-9467-6094008D1094	34:00.0	34:00.0	Pacific Standard Time	990	639	97	80
859835AD-E855-4DBF-83ED-419DEF40537C	34:00.0	34:00.0	Pacific Standard Time	1189	907	84	34
33B31206-E1F8-44CE-87A5-318C6D198416	34:00.0	34:00.0	Pacific Standard Time	807	555	66	17
3B3F3EC1-5D84-4C80-9CAD-2CCC9A9268A4	34:00.0	34:00.0	Pacific Standard Time	687	499	74	3
1B3D7D69-A1D0-4B8B-B86A-D31F8CFF2B2E	33:00.0	33:00.0	Pacific Standard Time	216	132	56	0
7A5B3916-AD6C-445E-A6C5-BC582EB20530	33:00.0	33:00.0	Pacific Standard Time	1100	967	58	4
E10D7DB4-C792-42AC-BAE8-969FA63F198D	33:00.0	33:00.0	Pacific Standard Time	1232	810	69	8
ACF9CF85-6991-42B9-9467-6094008D1094	33:00.0	33:00.0	Pacific Standard Time	990	640	97	80
859835AD-E855-4DBF-83ED-419DEF40537C	33:00.0	33:00.0	Pacific Standard Time	1189	906	84	34
33B31206-E1F8-44CE-87A5-318C6D198416	33:00.0	33:00.0	Pacific Standard Time	807	553	66	17
3B3F3EC1-5D84-4C80-9CAD-2CCC9A9268A4	33:00.0	33:00.0	Pacific Standard Time	687	496	74	3
1B3D7D69-A1D0-4B8B-B86A-D31F8CFF2B2E	32:00.0	32:00.0	Pacific Standard Time	216	132	56	0
7A5B3916-AD6C-445E-A6C5-BC582EB20530	32:00.0	32:00.0	Pacific Standard Time	1100	964	58	4
E10D7DB4-C792-42AC-BAE8-969FA63F198D	32:00.0	32:00.0	Pacific Standard Time	1232	810	71	6
ACF9CF85-6991-42B9-9467-6094008D1094	32:00.0	32:00.0	Pacific Standard Time	990	640	97	80
859835AD-E855-4DBF-83ED-419DEF40537C	32:00.0	32:00.0	Pacific Standard Time	1189	906	83	34
33B31206-E1F8-44CE-87A5-318C6D198416	32:00.0	32:00.0	Pacific Standard Time	807	553	66	17
3B3F3EC1-5D84-4C80-9CAD-2CCC9A9268A4	32:00.0	32:00.0	Pacific Standard Time	687	495	74	3
1B3D7D69-A1D0-4B8B-B86A-D31F8CFF2B2E	31:00.0	31:00.0	Pacific Standard Time	216	130	55	0
7A5B3916-AD6C-445E-A6C5-BC582EB20530	31:00.0	31:00.0	Pacific Standard Time	1100	964	58	4
E10D7DB4-C792-42AC-BAE8-969FA63F198D	31:00.0	31:00.0	Pacific Standard Time	1232	810	71	6
ACF9CF85-6991-42B9-9467-6094008D1094	31:00.0	31:00.0	Pacific Standard Time	990	637	96	80
859835AD-E855-4DBF-83ED-419DEF40537C	31:00.0	31:00.0	Pacific Standard Time	1189	905	83	34
33B31206-E1F8-44CE-87A5-318C6D198416	31:00.0	31:00.0	Pacific Standard Time	807	553	65	17
3B3F3EC1-5D84-4C80-9CAD-2CCC9A9268A4	31:00.0	31:00.0	Pacific Standard Time	687	494	74	3
1B3D7D69-A1D0-4B8B-B86A-D31F8CFF2B2E	30:00.0	30:00.0	Pacific Standard Time	216	129	55	0
7A5B3916-AD6C-445E-A6C5-BC582EB20530	30:00.0	30:00.0	Pacific Standard Time	1100	965	58	4
E10D7DB4-C792-42AC-BAE8-969FA63F198D	30:00.0	30:00.0	Pacific Standard Time	1232	807	71	6
ACF9CF85-6991-42B9-9467-6094008D1094	30:00.0	30:00.0	Pacific Standard Time	990	635	96	80
859835AD-E855-4DBF-83ED-419DEF40537C	30:00.0	30:00.0	Pacific Standard Time	1189	903	83	34
33B31206-E1F8-44CE-87A5-318C6D198416	30:00.0	30:00.0	Pacific Standard Time	807	553	65	17
3B3F3EC1-5D84-4C80-9CAD-2CCC9A9268A4	30:00.0	30:00.0	Pacific Standard Time	687	494	74	3
1B3D7D69-A1D0-4B8B-B86A-D31F8CFF2B2E	29:00.0	29:00.0	Pacific Standard Time	216	128	55	0
7A5B3916-AD6C-445E-A6C5-BC582EB20530	29:00.0	29:00.0	Pacific Standard Time	1100	966	58	4
E10D7DB4-C792-42AC-BAE8-969FA63F198D	29:00.0	29:00.0	Pacific Standard Time	1232	806	71	5
ACF9CF85-6991-42B9-9467-6094008D1094	29:00.0	29:00.0	Pacific Standard Time	990	638	96	80
859835AD-E855-4DBF-83ED-419DEF40537C	29:00.0	29:00.0	Pacific Standard Time	1189	902	83	34
33B31206-E1F8-44CE-87A5-318C6D198416	29:00.0	29:00.0	Pacific Standard Time	807	551	65	17
3B3F3EC1-5D84-4C80-9CAD-2CCC9A9268A4	29:00.0	29:00.0	Pacific Standard Time	687	493	74	3
1B3D7D69-A1D0-4B8B-B86A-D31F8CFF2B2E	28:00.0	28:00.0	Pacific Standard Time	216	130	55	0
7A5B3916-AD6C-445E-A6C5-BC582EB20530	28:00.0	28:00.0	Pacific Standard Time	1100	968	58	4
E10D7DB4-C792-42AC-BAE8-969FA63F198D	28:00.0	28:00.0	Pacific Standard Time	1232	804	71	5
ACF9CF85-6991-42B9-9467-6094008D1094	28:00.0	28:00.0	Pacific Standard Time	990	635	95	80
859835AD-E855-4DBF-83ED-419DEF40537C	28:00.0	28:00.0	Pacific Standard Time	1189	901	83	34
33B31206-E1F8-44CE-87A5-318C6D198416	28:00.0	28:00.0	Pacific Standard Time	807	549	65	17
3B3F3EC1-5D84-4C80-9CAD-2CCC9A9268A4	28:00.0	28:00.0	Pacific Standard Time	687	492	74	3
1B3D7D69-A1D0-4B8B-B86A-D31F8CFF2B2E	27:00.0	27:00.0	Pacific Standard Time	216	130	55	0
7A5B3916-AD6C-445E-A6C5-BC582EB20530	27:00.0	27:00.0	Pacific Standard Time	1100	967	58	4
E10D7DB4-C792-42AC-BAE8-969FA63F198D	27:00.0	27:00.0	Pacific Standard Time	1232	804	71	5
ACF9CF85-6991-42B9-9467-6094008D1094	27:00.0	27:00.0	Pacific Standard Time	990	633	95	80
859835AD-E855-4DBF-83ED-419DEF40537C	27:00.0	27:00.0	Pacific Standard Time	1189	902	83	34
33B31206-E1F8-44CE-87A5-318C6D198416	27:00.0	27:00.0	Pacific Standard Time	807	547	65	17
3B3F3EC1-5D84-4C80-9CAD-2CCC9A9268A4	27:00.0	27:00.0	Pacific Standard Time	687	491	73	3
1B3D7D69-A1D0-4B8B-B86A-D31F8CFF2B2E	26:00.0	26:00.0	Pacific Standard Time	216	129	55	0
7A5B3916-AD6C-445E-A6C5-BC582EB20530	26:00.0	26:00.0	Pacific Standard Time	1100	965	57	4
E10D7DB4-C792-42AC-BAE8-969FA63F198D	26:00.0	26:00.0	Pacific Standard Time	1232	801	69	5
ACF9CF85-6991-42B9-9467-6094008D1094	26:00.0	26:00.0	Pacific Standard Time	990	634	95	80
859835AD-E855-4DBF-83ED-419DEF40537C	26:00.0	26:00.0	Pacific Standard Time	1189	902	81	34
33B31206-E1F8-44CE-87A5-318C6D198416	26:00.0	26:00.0	Pacific Standard Time	807	545	65	17
3B3F3EC1-5D84-4C80-9CAD-2CCC9A9268A4	26:00.0	26:00.0	Pacific Standard Time	687	490	73	3
1B3D7D69-A1D0-4B8B-B86A-D31F8CFF2B2E	25:00.0	25:00.0	Pacific Standard Time	216	130	54	0
7A5B3916-AD6C-445E-A6C5-BC582EB20530	25:00.0	25:00.0	Pacific Standard Time	1100	962	57	4
E10D7DB4-C792-42AC-BAE8-969FA63F198D	25:00.0	25:00.0	Pacific Standard Time	1232	801	70	4
ACF9CF85-6991-42B9-9467-6094008D1094	25:00.0	25:00.0	Pacific Standard Time	990	636	95	80
859835AD-E855-4DBF-83ED-419DEF40537C	25:00.0	25:00.0	Pacific Standard Time	1189	900	80	34
33B31206-E1F8-44CE-87A5-318C6D198416	25:00.0	25:00.0	Pacific Standard Time	807	544	65	17
3B3F3EC1-5D84-4C80-9CAD-2CCC9A9268A4	25:00.0	25:00.0	Pacific Standard Time	687	489	73	3
1B3D7D69-A1D0-4B8B-B86A-D31F8CFF2B2E	24:00.0	24:00.0	Pacific Standard Time	216	131	54	0
7A5B3916-AD6C-445E-A6C5-BC582EB20530	24:00.0	24:00.0	Pacific Standard Time	1100	962	57	4
E10D7DB4-C792-42AC-BAE8-969FA63F198D	24:00.0	24:00.0	Pacific Standard Time	1232	797	70	3
ACF9CF85-6991-42B9-9467-6094008D1094	24:00.0	24:00.0	Pacific Standard Time	990	635	97	78
859835AD-E855-4DBF-83ED-419DEF40537C	24:00.0	24:00.0	Pacific Standard Time	1189	900	79	34
33B31206-E1F8-44CE-87A5-318C6D198416	24:00.0	24:00.0	Pacific Standard Time	807	540	64	17
