"TimestampUnix","Vehicles","Parkade"
"1717160340",311,"North"
"1717163940",305,"North"
"1717167540",234,"North"
"1717171140",151,"North"
"1717174740",81,"North"
"1717178340",41,"North"
"1717181940",29,"North"
"1717185540",0,"North"
"1717189140",0,"North"
"1717192740",1,"North"
"1717196340",4,"North"
"1717199940",0,"North"
"1717203540",6,"North"
"1717207140",5,"North"
"1717210740",4,"North"
"1717214340",3,"North"
"1717217940",5,"North"
"1717221540",5,"North"
"1717225140",19,"North"
"1717228740",31,"North"
"1717232340",79,"North"
"1717235940",120,"North"
"1717239540",143,"North"
"1717243140",148,"North"
"1717246740",139,"North"
"1717250340",129,"North"
"1717253940",137,"North"
"1717257540",122,"North"
"1717261140",104,"North"
"1717264740",76,"North"
"1717268340",70,"North"
"1717271940",50,"North"
"1717275540",31,"North"
"1717279140",32,"North"
"1717282740",12,"North"
"1717286340",11,"North"
"1717289940",6,"North"
"1717293540",7,"North"
"1717297140",5,"North"
"1717300740",6,"North"
"1717304340",5,"North"
"1717307940",6,"North"
"1717311540",12,"North"
"1717315140",25,"North"
"1717318740",81,"North"
"1717322340",103,"North"
"1717325940",113,"North"
"1717329540",122,"North"
"1717333140",135,"North"
"1717336740",102,"North"
"1717340340",111,"North"
"1717343940",112,"North"
"1717347540",75,"North"
"1717351140",52,"North"
"1717354740",51,"North"
"1717358340",36,"North"
"1717361940",22,"North"
"1717365540",23,"North"
"1717369140",24,"North"
"1717372740",18,"North"
"1717376340",17,"North"
"1717379940",14,"North"
"1717383540",1,"North"
"1717387140",2,"North"
"1717390740",2,"North"
"1717394340",26,"North"
"1717397940",128,"North"
"1717401540",179,"North"
"1717405140",251,"North"
"1717408740",317,"North"
"1717412340",353,"North"
"1717415940",367,"North"
"1717419540",361,"North"
"1717423140",346,"North"
"1717426740",307,"North"
"1717430340",227,"North"
"1717433940",137,"North"
"1717437540",75,"North"
"1717441140",25,"North"
"1717444740",13,"North"
"1717448340",1,"North"
"1717451940",0,"North"
"1717455540",1,"North"
"1717459140",5,"North"
"1717462740",2,"North"
"1717466340",1,"North"
"1717469940",0,"North"
"1717473540",2,"North"
"1717477140",3,"North"
"1717480740",32,"North"
"1717484340",124,"North"
"1717487940",177,"North"
"1717491540",276,"North"
"1717495140",376,"North"
"1717498740",398,"North"
"1717502340",418,"North"
"1717505940",426,"North"
"1717509540",422,"North"
"1717513140",354,"North"
"1717516740",230,"North"
"1717520340",128,"North"
"1717523940",64,"North"
"1717527540",45,"North"
"1717531140",26,"North"
"1717534740",1,"North"
"1717538340",0,"North"
"1717541940",7,"North"
"1717545540",2,"North"
"1717549140",0,"North"
"1717552740",1,"North"
"1717556340",2,"North"
"1717559940",3,"North"
"1717563540",3,"North"
"1717567140",31,"North"
"1717570740",122,"North"
"1717574340",170,"North"
"1717577940",253,"North"
"1717581540",328,"North"
"1717585140",388,"North"
"1717588740",401,"North"
"1717592340",401,"North"
"1717595940",387,"North"
"1717599540",335,"North"
"1717603140",239,"North"
"1717606740",135,"North"
"1717610340",69,"North"
"1717613940",21,"North"
"1717617540",1,"North"
"1717621140",0,"North"
"1717624740",2,"North"
"1717628340",3,"North"
"1717631940",2,"North"
"1717635540",1,"North"
"1717639140",1,"North"
"1717642740",0,"North"
"1717646340",1,"North"
"1717649940",2,"North"
"1717653540",28,"North"
"1717657140",124,"North"
"1717660740",169,"North"
"1717664340",249,"North"
"1717667940",325,"North"
"1717671540",347,"North"
"1717675140",352,"North"
"1717678320",348,"North"
"1717703940",342,"North"
"1717707540",333,"North"
"1717711140",280,"North"
"1717714740",188,"North"
"1717718340",88,"North"
"1717721940",50,"North"
"1717725540",28,"North"
"1717729140",9,"North"
"1717732740",0,"North"
"1717736340",1,"North"
"1717739940",0,"North"
"1717743540",3,"North"
"1717747140",2,"North"
"1717750740",4,"North"
"1717754340",5,"North"
"1717757940",5,"North"
"1717761540",6,"North"
"1717765140",35,"North"
"1717768740",123,"North"
"1717772340",141,"North"
"1717775940",212,"North"
"1717779540",268,"North"
"1717783140",282,"North"
"1717786740",291,"North"
"1717790340",283,"North"
"1717793940",262,"North"
"1717797540",227,"North"
"1717801140",150,"North"
"1717804740",80,"North"
"1717808340",17,"North"
"1717811940",0,"North"
"1717815540",1,"North"
"1717819140",0,"North"
"1717822740",0,"North"
"1717826340",0,"North"
"1717829940",3,"North"
"1717833540",3,"North"
"1717837140",6,"North"
"1717840740",8,"North"
"1717844340",10,"North"
"1717847940",11,"North"
"1717851540",13,"North"
"1717855140",21,"North"
"1717858740",27,"North"
"1717862340",34,"North"
"1717865940",51,"North"
"1717869540",57,"North"
"1717873140",68,"North"
"1717876740",56,"North"
"1717880340",47,"North"
"1717883940",44,"North"
"1717887540",28,"North"
"1717891140",15,"North"
"1717894740",10,"North"
"1717898340",3,"North"
"1717901940",3,"North"
"1717905540",6,"North"
"1717909140",8,"North"
"1717912740",3,"North"
"1717916340",0,"North"
"1717919940",7,"North"
"1717923540",9,"North"
"1717927140",10,"North"
"1717930740",10,"North"
"1717934340",11,"North"
"1717937940",12,"North"
"1717941540",9,"North"
"1717945140",13,"North"
"1717948740",28,"North"
"1717952340",32,"North"
"1717955940",33,"North"
"1717959540",33,"North"
"1717963140",39,"North"
"1717966740",28,"North"
"1717970340",30,"North"
"1717973940",35,"North"
"1717977540",23,"North"
"1717981140",4,"North"
"1717984740",0,"North"
"1717988340",1,"North"
"1717991940",0,"North"
"1717995540",2,"North"
"1717999140",1,"North"
"1718002740",6,"North"
"1718006340",11,"North"
"1718009940",11,"North"
"1718013540",0,"North"
"1718017140",1,"North"
"1718020740",5,"North"
"1718024340",34,"North"
"1718027940",123,"North"
"1718031540",157,"North"
"1718035140",233,"North"
"1718038740",309,"North"
"1718042340",344,"North"
"1718045940",364,"North"
"1718049540",355,"North"
"1718053140",347,"North"
"1718056740",308,"North"
"1718060340",219,"North"
"1718063940",135,"North"
"1718067540",79,"North"
"1718071140",38,"North"
"1718074740",25,"North"
"1718078340",15,"North"
"1718081940",1,"North"
"1718085540",0,"North"
"1718089140",3,"North"
"1718092740",0,"North"
"1718096340",1,"North"
"1718099940",0,"North"
"1718103540",1,"North"
"1718107140",3,"North"
"1718110740",30,"North"
"1718114340",114,"North"
"1718117940",154,"North"
"1718121540",238,"North"
"1718125140",332,"North"
"1718128740",363,"North"
"1718132340",365,"North"
"1718135940",363,"North"
"1718139540",347,"North"
"1718143140",290,"North"
"1718146740",196,"North"
"1718150340",91,"North"
"1718153940",35,"North"
"1718157540",2,"North"
"1718161140",0,"North"
"1718164740",1,"North"
"1718168340",0,"North"
"1718171940",0,"North"
"1718175540",2,"North"
"1718179140",2,"North"
"1718182740",0,"North"
"1718186340",1,"North"
"1718189940",3,"North"
"1718193540",4,"North"
"1718197140",28,"North"
"1718200740",121,"North"
"1718204340",182,"North"
"1718207940",257,"North"
"1718211540",335,"North"
"1718215140",366,"North"
"1718218740",370,"North"
"1718222340",375,"North"
"1718225940",380,"North"
"1718229540",313,"North"
"1718233140",213,"North"
"1718236740",147,"North"
"1718240340",76,"North"
"1718243940",43,"North"
"1718247540",38,"North"
"1718251140",17,"North"
"1718254740",1,"North"
"1718258340",0,"North"
"1718261940",2,"North"
"1718265540",2,"North"
"1718269140",0,"North"
"1718272740",0,"North"
"1718276340",0,"North"
"1718279940",1,"North"
"1718283540",31,"North"
"1718287140",117,"North"
"1718290740",165,"North"
"1718294340",259,"North"
"1718297940",338,"North"
"1718301540",359,"North"
"1718305140",366,"North"
"1718308740",364,"North"
"1718312340",352,"North"
"1718315940",287,"North"
"1718319540",187,"North"
"1718323140",90,"North"
"1718326740",25,"North"
"1718330340",5,"North"
"1718333940",0,"North"
"1718337540",0,"North"
"1718341140",1,"North"
"1718344740",0,"North"
"1718348340",3,"North"
"1718351940",2,"North"
"1718355540",1,"North"
"1718359140",0,"North"
"1718362740",0,"North"
"1718366340",2,"North"
"1718369940",33,"North"
"1718373540",106,"North"
"1718377140",148,"North"
"1718380740",215,"North"
"1718384340",280,"North"
"1718387940",309,"North"
"1718391540",305,"North"
"1718395140",286,"North"
"1718398740",283,"North"
"1718402340",240,"North"
"1718403360",198,"North"
"1718431140",0,"North"
"1718434740",0,"North"
"1718438340",4,"North"
"1718441940",3,"North"
"1718445540",2,"North"
"1718449140",1,"North"
"1718452740",2,"North"
"1718456340",3,"North"
"1718459940",9,"North"
"1718463540",21,"North"
"1718467140",40,"North"
"1718470740",60,"North"
"1718474340",70,"North"
"1718477940",73,"North"
"1718481540",65,"North"
"1718485140",53,"North"
"1718488740",51,"North"
"1718492340",53,"North"
"1718495940",31,"North"
"1718499540",17,"North"
"1718503140",8,"North"
"1718506740",4,"North"
"1718510340",2,"North"
"1718513940",0,"North"
"1718517540",0,"North"
"1718521140",2,"North"
"1718524740",3,"North"
"1718528340",6,"North"
"1718531940",9,"North"
"1718535540",10,"North"
"1718539140",9,"North"
"1718542740",10,"North"
"1718546340",11,"North"
"1718549940",23,"North"
"1718553540",41,"North"
"1718557140",47,"North"
"1718560740",51,"North"
"1718564340",53,"North"
"1718567940",55,"North"
"1718571540",58,"North"
"1718575140",67,"North"
"1718578740",68,"North"
"1718582340",56,"North"
"1718585940",43,"North"
"1718589540",25,"North"
"1718593140",11,"North"
"1718596740",3,"North"
"1718600340",10,"North"
"1718603940",7,"North"
"1718607540",6,"North"
"1718611140",9,"North"
"1718614740",13,"North"
"1718618340",0,"North"
"1718621940",0,"North"
"1718625540",1,"North"
"1718629140",30,"North"
"1718632740",115,"North"
"1718636340",158,"North"
"1718639940",247,"North"
"1718643540",323,"North"
"1718647140",353,"North"
"1718650740",362,"North"
"1718654340",376,"North"
"1718657940",368,"North"
"1718661540",318,"North"
"1718665140",239,"North"
"1718668740",153,"North"
"1718672340",66,"North"
"1718675940",29,"North"
"1718679540",20,"North"
"1718683140",5,"North"
"1718686740",0,"North"
"1718690340",0,"North"
"1718693940",2,"North"
"1718697540",1,"North"
"1718701140",1,"North"
"1718704740",2,"North"
"1718708340",2,"North"
"1718711940",3,"North"
"1718715540",28,"North"
"1718719140",125,"North"
"1718722740",178,"North"
"1718726340",297,"North"
"1718729940",399,"North"
"1718733540",431,"North"
"1718737140",423,"North"
"1718740740",413,"North"
"1718744340",400,"North"
"1718747940",334,"North"
"1718751540",233,"North"
"1718755140",120,"North"
"1718758740",50,"North"
"1718762340",4,"North"
"1718765940",0,"North"
"1718769540",1,"North"
"1718773140",2,"North"
"1718776740",1,"North"
"1718780340",8,"North"
"1718783940",6,"North"
"1718787540",6,"North"
"1718791140",5,"North"
"1718794740",8,"North"
"1718798340",9,"North"
"1718801940",41,"North"
"1718805540",124,"North"
"1718809140",175,"North"
"1718812740",271,"North"
"1718816340",345,"North"
"1718819940",374,"North"
"1718823540",386,"North"
"1718827140",401,"North"
"1718830740",399,"North"
"1718834340",355,"North"
"1718837940",240,"North"
"1718841540",128,"North"
"1718845140",46,"North"
"1718848740",1,"North"
"1718852340",6,"North"
"1718855940",0,"North"
"1718859540",1,"North"
"1718863140",0,"North"
"1718866740",5,"North"
"1718870340",0,"North"
"1718873940",1,"North"
"1718877540",2,"North"
"1718881140",2,"North"
"1718884740",3,"North"
"1718884800",3,"North"
"1717160340",310,"West"
"1717163940",309,"West"
"1717167540",289,"West"
"1717171140",195,"West"
"1717174740",111,"West"
"1717178340",67,"West"
"1717181940",40,"West"
"1717185540",24,"West"
"1717189140",17,"West"
"1717192740",22,"West"
"1717196340",7,"West"
"1717199940",1,"West"
"1717203540",0,"West"
"1717207140",0,"West"
"1717210740",4,"West"
"1717214340",5,"West"
"1717217940",8,"West"
"1717221540",9,"West"
"1717225140",12,"West"
"1717228740",23,"West"
"1717232340",36,"West"
"1717235940",41,"West"
"1717239540",45,"West"
"1717243140",55,"West"
"1717246740",48,"West"
"1717250340",44,"West"
"1717253940",46,"West"
"1717257540",34,"West"
"1717261140",17,"West"
"1717264740",12,"West"
"1717268340",2,"West"
"1717271940",1,"West"
"1717275540",0,"West"
"1717279140",3,"West"
"1717282740",8,"West"
"1717286340",14,"West"
"1717289940",12,"West"
"1717293540",16,"West"
"1717297140",14,"West"
"1717300740",14,"West"
"1717304340",15,"West"
"1717307940",17,"West"
"1717311540",18,"West"
"1717315140",23,"West"
"1717318740",42,"West"
"1717322340",52,"West"
"1717325940",53,"West"
"1717329540",33,"West"
"1717333140",40,"West"
"1717336740",43,"West"
"1717340340",37,"West"
"1717343940",37,"West"
"1717347540",13,"West"
"1717351140",17,"West"
"1717354740",19,"West"
"1717358340",21,"West"
"1717361940",26,"West"
"1717365540",25,"West"
"1717369140",26,"West"
"1717372740",25,"West"
"1717376340",23,"West"
"1717379940",24,"West"
"1717383540",0,"West"
"1717387140",0,"West"
"1717390740",0,"West"
"1717394340",11,"West"
"1717397940",81,"West"
"1717401540",159,"West"
"1717405140",314,"West"
"1717408740",409,"West"
"1717412340",444,"West"
"1717415940",451,"West"
"1717419540",444,"West"
"1717423140",453,"West"
"1717426740",435,"West"
"1717430340",314,"West"
"1717433940",179,"West"
"1717437540",100,"West"
"1717441140",80,"West"
"1717444740",54,"West"
"1717448340",39,"West"
"1717451940",22,"West"
"1717455540",3,"West"
"1717459140",0,"West"
"1717462740",1,"West"
"1717466340",2,"West"
"1717469940",3,"West"
"1717473540",4,"West"
"1717477140",4,"West"
"1717480740",21,"West"
"1717484340",105,"West"
"1717487940",186,"West"
"1717491540",341,"West"
"1717495140",469,"West"
"1717498740",501,"West"
"1717502340",492,"West"
"1717505940",496,"West"
"1717509540",498,"West"
"1717513140",473,"West"
"1717516740",339,"West"
"1717520340",181,"West"
"1717523940",121,"West"
"1717527540",96,"West"
"1717531140",53,"West"
"1717534740",43,"West"
"1717538340",26,"West"
"1717541940",12,"West"
"1717545540",14,"West"
"1717549140",9,"West"
"1717552740",11,"West"
"1717556340",12,"West"
"1717559940",11,"West"
"1717563540",12,"West"
"1717567140",23,"West"
"1717570740",111,"West"
"1717574340",186,"West"
"1717577940",336,"West"
"1717581540",452,"West"
"1717585140",507,"West"
"1717588740",498,"West"
"1717592340",499,"West"
"1717595940",497,"West"
"1717599540",473,"West"
"1717603140",307,"West"
"1717606740",180,"West"
"1717610340",108,"West"
"1717613940",85,"West"
"1717617540",66,"West"
"1717621140",59,"West"
"1717624740",50,"West"
"1717628340",40,"West"
"1717631940",23,"West"
"1717635540",21,"West"
"1717639140",21,"West"
"1717642740",20,"West"
"1717646340",21,"West"
"1717649940",23,"West"
"1717653540",38,"West"
"1717657140",117,"West"
"1717660740",180,"West"
"1717664340",314,"West"
"1717667940",421,"West"
"1717671540",459,"West"
"1717675140",476,"West"
"1717677060",463,"West"
"1717703940",470,"West"
"1717703940",470,"West"
"1717707540",470,"West"
"1717707540",470,"West"
"1717711140",436,"West"
"1717711140",436,"West"
"1717714740",295,"West"
"1717714740",295,"West"
"1717718340",191,"West"
"1717718340",191,"West"
"1717721940",135,"West"
"1717721940",135,"West"
"1717725540",110,"West"
"1717725540",110,"West"
"1717729140",76,"West"
"1717729140",76,"West"
"1717732740",59,"West"
"1717732740",59,"West"
"1717736340",44,"West"
"1717736340",44,"West"
"1717739940",24,"West"
"1717743540",27,"West"
"1717747140",29,"West"
"1717750740",30,"West"
"1717754340",29,"West"
"1717757940",27,"West"
"1717761540",27,"West"
"1717765140",36,"West"
"1717768740",100,"West"
"1717772340",146,"West"
"1717775940",237,"West"
"1717779540",295,"West"
"1717783140",332,"West"
"1717786740",332,"West"
"1717790340",356,"West"
"1717793940",378,"West"
"1717797540",354,"West"
"1717801140",242,"West"
"1717804740",160,"West"
"1717808340",129,"West"
"1717811940",85,"West"
"1717815540",62,"West"
"1717819140",55,"West"
"1717822740",30,"West"
"1717826340",24,"West"
"1717829940",25,"West"
"1717833540",21,"West"
"1717837140",23,"West"
"1717840740",26,"West"
"1717844340",27,"West"
"1717847940",28,"West"
"1717851540",28,"West"
"1717855140",34,"West"
"1717858740",33,"West"
"1717862340",52,"West"
"1717865940",59,"West"
"1717869540",63,"West"
"1717873140",85,"West"
"1717876740",135,"West"
"1717880340",216,"West"
"1717883940",292,"West"
"1717887540",301,"West"
"1717891140",262,"West"
"1717894740",204,"West"
"1717898340",127,"West"
"1717901940",64,"West"
"1717905540",57,"West"
"1717909140",30,"West"
"1717912740",22,"West"
"1717916340",27,"West"
"1717919940",34,"West"
"1717923540",35,"West"
"1717927140",35,"West"
"1717930740",33,"West"
"1717934340",33,"West"
"1717937940",34,"West"
"1717941540",39,"West"
"1717945140",43,"West"
"1717948740",58,"West"
"1717952340",58,"West"
"1717955940",70,"West"
"1717959540",76,"West"
"1717963140",97,"West"
"1717966740",136,"West"
"1717970340",158,"West"
"1717973940",182,"West"
"1717977540",139,"West"
"1717981140",114,"West"
"1717984740",80,"West"
"1717988340",56,"West"
"1717991940",42,"West"
"1717995540",35,"West"
"1717999140",38,"West"
"1718002740",49,"West"
"1718006340",50,"West"
"1718009940",52,"West"
"1718013540",0,"West"
"1718017140",0,"West"
"1718020740",0,"West"
"1718024340",13,"West"
"1718027940",81,"West"
"1718031540",167,"West"
"1718035140",337,"West"
"1718038740",448,"West"
"1718042340",470,"West"
"1718045940",465,"West"
"1718049540",473,"West"
"1718053140",468,"West"
"1718056740",451,"West"
"1718060340",291,"West"
"1718063940",179,"West"
"1718067540",81,"West"
"1718071140",52,"West"
"1718074740",32,"West"
"1718078340",26,"West"
"1718081940",15,"West"
"1718085540",0,"West"
"1718089140",1,"West"
"1718092740",1,"West"
"1718096340",2,"West"
"1718099940",0,"West"
"1718103540",0,"West"
"1718107140",0,"West"
"1718110740",20,"West"
"1718114340",105,"West"
"1718117940",185,"West"
"1718121540",364,"West"
"1718125140",521,"West"
"1718128740",565,"West"
"1718132340",572,"West"
"1718135940",580,"West"
"1718139540",559,"West"
"1718143140",510,"West"
"1718146740",368,"West"
"1718150340",190,"West"
"1718153940",116,"West"
"1718157540",74,"West"
"1718161140",55,"West"
"1718164740",40,"West"
"1718168340",24,"West"
"1718171940",3,"West"
"1718175540",4,"West"
"1718179140",4,"West"
"1718182740",2,"West"
"1718186340",5,"West"
"1718189940",5,"West"
"1718193540",7,"West"
"1718197140",16,"West"
"1718200740",93,"West"
"1718204340",181,"West"
"1718207940",341,"West"
"1718211540",456,"West"
"1718215140",497,"West"
"1718218740",492,"West"
"1718222340",493,"West"
"1718225940",469,"West"
"1718229540",466,"West"
"1718233140",338,"West"
"1718236740",200,"West"
"1718240340",126,"West"
"1718243940",88,"West"
"1718247540",66,"West"
"1718251140",59,"West"
"1718254740",42,"West"
"1718258340",18,"West"
"1718261940",10,"West"
"1718265540",11,"West"
"1718269140",7,"West"
"1718272740",9,"West"
"1718276340",10,"West"
"1718279940",8,"West"
"1718283540",25,"West"
"1718287140",99,"West"
"1718290740",182,"West"
"1718294340",317,"West"
"1718297940",426,"West"
"1718301540",472,"West"
"1718305140",486,"West"
"1718308740",489,"West"
"1718312340",486,"West"
"1718315940",457,"West"
"1718319540",327,"West"
"1718323140",184,"West"
"1718326740",123,"West"
"1718330340",100,"West"
"1718333940",72,"West"
"1718337540",52,"West"
"1718341140",34,"West"
"1718344740",15,"West"
"1718348340",12,"West"
"1718351940",9,"West"
"1718355540",10,"West"
"1718359140",11,"West"
"1718362080",11,"West"
"1718387940",326,"West"
"1718387940",326,"West"
"1718391540",307,"West"
"1718391540",307,"West"
"1718395140",299,"West"
"1718395140",299,"West"
"1718398740",288,"West"
"1718398740",288,"West"
"1718402340",264,"West"
"1718402340",264,"West"
"1718402820",251,"West"
"1718402820",251,"West"
"1718431140",0,"West"
"1718434740",7,"West"
"1718438340",7,"West"
"1718441940",11,"West"
"1718445540",11,"West"
"1718449140",14,"West"
"1718452740",20,"West"
"1718456340",21,"West"
"1718459940",31,"West"
"1718463540",31,"West"
"1718467140",30,"West"
"1718470740",33,"West"
"1718474340",36,"West"
"1718477940",32,"West"
"1718481540",34,"West"
"1718485140",27,"West"
"1718488740",32,"West"
"1718492340",24,"West"
"1718495940",18,"West"
"1718499540",12,"West"
"1718503140",2,"West"
"1718506740",1,"West"
"1718510340",5,"West"
"1718513940",6,"West"
"1718517540",8,"West"
"1718521140",11,"West"
"1718524740",14,"West"
"1718528340",14,"West"
"1718531940",16,"West"
"1718535540",16,"West"
"1718539140",17,"West"
"1718542740",16,"West"
"1718546340",18,"West"
"1718549940",23,"West"
"1718553540",33,"West"
"1718557140",54,"West"
"1718560740",40,"West"
"1718564340",27,"West"
"1718567940",21,"West"
"1718571540",23,"West"
"1718575140",30,"West"
"1718578740",26,"West"
"1718582340",18,"West"
"1718585940",19,"West"
"1718589540",9,"West"
"1718593140",13,"West"
"1718596740",22,"West"
"1718600340",24,"West"
"1718603940",26,"West"
"1718607540",29,"West"
"1718611140",36,"West"
"1718614740",36,"West"
"1718618340",0,"West"
"1718621940",1,"West"
"1718625540",2,"West"
"1718629140",15,"West"
"1718632740",78,"West"
"1718636340",168,"West"
"1718639940",297,"West"
"1718643540",358,"West"
"1718647140",401,"West"
"1718650740",410,"West"
"1718654340",419,"West"
"1718657940",412,"West"
"1718661540",383,"West"
"1718665140",247,"West"
"1718668740",153,"West"
"1718672340",78,"West"
"1718675940",54,"West"
"1718679540",34,"West"
"1718683140",35,"West"
"1718686740",23,"West"
"1718690340",11,"West"
"1718693940",0,"West"
"1718697540",2,"West"
"1718701140",3,"West"
"1718704740",4,"West"
"1718708340",5,"West"
"1718711940",5,"West"
"1718715540",21,"West"
"1718719140",105,"West"
"1718722740",194,"West"
"1718726340",355,"West"
"1718729940",463,"West"
"1718733540",502,"West"
"1718737140",510,"West"
"1718740740",499,"West"
"1718744340",504,"West"
"1718747940",478,"West"
"1718751540",323,"West"
"1718755140",158,"West"
"1718758740",102,"West"
"1718762340",70,"West"
"1718765940",56,"West"
"1718769540",35,"West"
"1718773140",14,"West"
"1718776740",3,"West"
"1718780340",4,"West"
"1718783940",2,"West"
"1718787540",0,"West"
"1718791140",0,"West"
"1718794740",1,"West"
"1718798340",1,"West"
"1718801940",16,"West"
"1718805540",82,"West"
"1718809140",166,"West"
"1718812740",329,"West"
"1718816340",429,"West"
"1718819940",468,"West"
"1718823540",493,"West"
"1718827140",489,"West"
"1718830740",507,"West"
"1718834340",473,"West"
"1718837940",356,"West"
"1718841540",212,"West"
"1718845140",145,"West"
"1718848740",106,"West"
"1718852340",76,"West"
"1718855940",43,"West"
"1718859540",11,"West"
"1718863140",11,"West"
"1718866740",3,"West"
"1718870340",1,"West"
"1718873940",1,"West"
"1718877540",2,"West"
"1718881140",0,"West"
"1718884740",0,"West"
"1718884800",0,"West"
"1717160340",110,"Rose"
"1717163940",102,"Rose"
"1717167540",90,"Rose"
"1717171140",90,"Rose"
"1717174740",49,"Rose"
"1717178340",28,"Rose"
"1717181940",10,"Rose"
"1717185540",9,"Rose"
"1717189140",0,"Rose"
"1717192740",1,"Rose"
"1717196340",5,"Rose"
"1717199940",3,"Rose"
"1717203540",2,"Rose"
"1717207140",2,"Rose"
"1717210740",2,"Rose"
"1717214340",2,"Rose"
"1717217940",3,"Rose"
"1717221540",3,"Rose"
"1717225140",2,"Rose"
"1717228740",3,"Rose"
"1717232340",8,"Rose"
"1717235940",17,"Rose"
"1717239540",40,"Rose"
"1717243140",156,"Rose"
"1717246740",220,"Rose"
"1717250340",236,"Rose"
"1717253940",243,"Rose"
"1717257540",56,"Rose"
"1717261140",45,"Rose"
"1717264740",37,"Rose"
"1717268340",30,"Rose"
"1717271940",29,"Rose"
"1717275540",30,"Rose"
"1717279140",22,"Rose"
"1717282740",21,"Rose"
"1717286340",14,"Rose"
"1717289940",10,"Rose"
"1717293540",7,"Rose"
"1717297140",6,"Rose"
"1717300740",6,"Rose"
"1717304340",6,"Rose"
"1717307940",6,"Rose"
"1717311540",6,"Rose"
"1717315140",7,"Rose"
"1717318740",11,"Rose"
"1717322340",12,"Rose"
"1717325940",14,"Rose"
"1717329540",17,"Rose"
"1717333140",27,"Rose"
"1717336740",31,"Rose"
"1717340340",53,"Rose"
"1717343940",57,"Rose"
"1717347540",51,"Rose"
"1717351140",15,"Rose"
"1717354740",7,"Rose"
"1717358340",7,"Rose"
"1717361940",6,"Rose"
"1717365540",4,"Rose"
"1717369140",2,"Rose"
"1717372740",1,"Rose"
"1717376340",0,"Rose"
"1717379940",0,"Rose"
"1717383540",0,"Rose"
"1717387140",0,"Rose"
"1717390740",0,"Rose"
"1717394340",1,"Rose"
"1717397940",7,"Rose"
"1717401540",29,"Rose"
"1717405140",108,"Rose"
"1717408740",156,"Rose"
"1717412340",190,"Rose"
"1717415940",199,"Rose"
"1717419540",209,"Rose"
"1717423140",226,"Rose"
"1717426740",213,"Rose"
"1717430340",177,"Rose"
"1717433940",85,"Rose"
"1717437540",41,"Rose"
"1717441140",26,"Rose"
"1717444740",15,"Rose"
"1717448340",7,"Rose"
"1717451940",1,"Rose"
"1717455540",3,"Rose"
"1717459140",0,"Rose"
"1717462740",0,"Rose"
"1717466340",0,"Rose"
"1717469940",0,"Rose"
"1717473540",0,"Rose"
"1717477140",1,"Rose"
"1717480740",1,"Rose"
"1717484340",7,"Rose"
"1717487940",37,"Rose"
"1717491540",120,"Rose"
"1717495140",186,"Rose"
"1717498740",214,"Rose"
"1717502340",223,"Rose"
"1717505940",218,"Rose"
"1717509540",216,"Rose"
"1717513140",200,"Rose"
"1717516740",173,"Rose"
"1717520340",149,"Rose"
"1717523940",215,"Rose"
"1717527540",256,"Rose"
"1717531140",253,"Rose"
"1717534740",237,"Rose"
"1717538340",22,"Rose"
"1717541940",4,"Rose"
"1717545540",3,"Rose"
"1717549140",0,"Rose"
"1717552740",1,"Rose"
"1717556340",1,"Rose"
"1717559940",1,"Rose"
"1717563540",0,"Rose"
"1717567140",2,"Rose"
"1717570740",7,"Rose"
"1717574340",37,"Rose"
"1717577940",124,"Rose"
"1717581540",193,"Rose"
"1717585140",221,"Rose"
"1717588740",229,"Rose"
"1717592340",244,"Rose"
"1717595940",245,"Rose"
"1717599540",294,"Rose"
"1717603140",356,"Rose"
"1717606740",257,"Rose"
"1717610340",190,"Rose"
"1717613940",93,"Rose"
"1717617540",27,"Rose"
"1717621140",18,"Rose"
"1717624740",10,"Rose"
"1717628340",10,"Rose"
"1717631940",9,"Rose"
"1717635540",7,"Rose"
"1717639140",7,"Rose"
"1717642740",7,"Rose"
"1717646340",7,"Rose"
"1717649940",6,"Rose"
"1717653540",6,"Rose"
"1717657140",12,"Rose"
"1717660740",34,"Rose"
"1717664340",100,"Rose"
"1717667940",170,"Rose"
"1717671540",208,"Rose"
"1717675140",227,"Rose"
"1717677240",222,"Rose"
"1717703940",216,"Rose"
"1717707540",205,"Rose"
"1717711140",187,"Rose"
"1717714740",162,"Rose"
"1717718340",102,"Rose"
"1717721940",160,"Rose"
"1717725540",240,"Rose"
"1717729140",245,"Rose"
"1717732740",232,"Rose"
"1717736340",11,"Rose"
"1717739940",10,"Rose"
"1717743540",4,"Rose"
"1717747140",3,"Rose"
"1717750740",4,"Rose"
"1717754340",4,"Rose"
"1717757940",4,"Rose"
"1717761540",4,"Rose"
"1717765140",4,"Rose"
"1717768740",7,"Rose"
"1717772340",25,"Rose"
"1717775940",74,"Rose"
"1717779540",124,"Rose"
"1717783140",150,"Rose"
"1717786740",145,"Rose"
"1717790340",152,"Rose"
"1717793940",145,"Rose"
"1717797540",196,"Rose"
"1717801140",427,"Rose"
"1717804740",392,"Rose"
"1717808340",369,"Rose"
"1717811940",346,"Rose"
"1717815540",43,"Rose"
"1717819140",26,"Rose"
"1717822740",15,"Rose"
"1717826340",14,"Rose"
"1717829940",10,"Rose"
"1717833540",7,"Rose"
"1717837140",6,"Rose"
"1717840740",6,"Rose"
"1717844340",7,"Rose"
"1717847940",7,"Rose"
"1717851540",6,"Rose"
"1717855140",7,"Rose"
"1717858740",10,"Rose"
"1717862340",13,"Rose"
"1717865940",21,"Rose"
"1717869540",86,"Rose"
"1717873140",232,"Rose"
"1717876740",314,"Rose"
"1717880340",326,"Rose"
"1717883940",333,"Rose"
"1717887540",196,"Rose"
"1717891140",75,"Rose"
"1717894740",60,"Rose"
"1717898340",54,"Rose"
"1717901940",36,"Rose"
"1717905540",26,"Rose"
"1717909140",19,"Rose"
"1717912740",10,"Rose"
"1717916340",9,"Rose"
"1717919940",3,"Rose"
"1717923540",3,"Rose"
"1717927140",3,"Rose"
"1717930740",3,"Rose"
"1717934340",4,"Rose"
"1717937940",3,"Rose"
"1717941540",3,"Rose"
"1717945140",4,"Rose"
"1717948740",7,"Rose"
"1717952340",13,"Rose"
"1717955940",50,"Rose"
"1717959540",171,"Rose"
"1717963140",276,"Rose"
"1717966740",291,"Rose"
"1717970340",299,"Rose"
"1717973940",189,"Rose"
"1717977540",42,"Rose"
"1717981140",26,"Rose"
"1717984740",17,"Rose"
"1717988340",18,"Rose"
"1717991940",12,"Rose"
"1717995540",6,"Rose"
"1717999140",5,"Rose"
"1718002740",4,"Rose"
"1718006340",3,"Rose"
"1718009940",3,"Rose"
"1718013540",0,"Rose"
"1718017140",0,"Rose"
"1718020740",1,"Rose"
"1718024340",2,"Rose"
"1718027940",5,"Rose"
"1718031540",35,"Rose"
"1718035140",102,"Rose"
"1718038740",152,"Rose"
"1718042340",171,"Rose"
"1718045940",178,"Rose"
"1718049540",196,"Rose"
"1718053140",213,"Rose"
"1718056740",199,"Rose"
"1718060340",171,"Rose"
"1718063940",158,"Rose"
"1718067540",208,"Rose"
"1718071140",225,"Rose"
"1718074740",212,"Rose"
"1718078340",194,"Rose"
"1718081940",9,"Rose"
"1718085540",4,"Rose"
"1718089140",3,"Rose"
"1718092740",2,"Rose"
"1718096340",2,"Rose"
"1718099940",2,"Rose"
"1718103540",2,"Rose"
"1718107140",2,"Rose"
"1718110740",4,"Rose"
"1718114340",9,"Rose"
"1718117940",30,"Rose"
"1718121540",115,"Rose"
"1718125140",197,"Rose"
"1718128740",231,"Rose"
"1718132340",233,"Rose"
"1718135940",220,"Rose"
"1718139540",210,"Rose"
"1718143140",199,"Rose"
"1718146740",167,"Rose"
"1718150340",84,"Rose"
"1718153940",41,"Rose"
"1718157540",29,"Rose"
"1718161140",23,"Rose"
"1718164740",14,"Rose"
"1718168340",4,"Rose"
"1718171940",4,"Rose"
"1718175540",3,"Rose"
"1718179140",2,"Rose"
"1718182740",2,"Rose"
"1718186340",2,"Rose"
"1718189940",2,"Rose"
"1718193540",2,"Rose"
"1718197140",2,"Rose"
"1718200740",4,"Rose"
"1718204340",30,"Rose"
"1718207940",107,"Rose"
"1718211540",170,"Rose"
"1718215140",199,"Rose"
"1718218740",210,"Rose"
"1718222340",207,"Rose"
"1718225940",219,"Rose"
"1718229540",202,"Rose"
"1718233140",165,"Rose"
"1718236740",84,"Rose"
"1718240340",30,"Rose"
"1718243940",19,"Rose"
"1718247540",16,"Rose"
"1718251140",10,"Rose"
"1718254740",8,"Rose"
"1718258340",5,"Rose"
"1718261940",2,"Rose"
"1718265540",1,"Rose"
"1718269140",2,"Rose"
"1718272740",2,"Rose"
"1718276340",2,"Rose"
"1718279940",2,"Rose"
"1718283540",3,"Rose"
"1718287140",7,"Rose"
"1718290740",19,"Rose"
"1718294340",101,"Rose"
"1718297940",155,"Rose"
"1718301540",177,"Rose"
"1718305140",195,"Rose"
"1718308740",210,"Rose"
"1718312340",222,"Rose"
"1718315940",205,"Rose"
"1718319540",179,"Rose"
"1718323140",202,"Rose"
"1718326740",363,"Rose"
"1718330340",416,"Rose"
"1718333940",329,"Rose"
"1718337540",101,"Rose"
"1718341140",21,"Rose"
"1718344740",10,"Rose"
"1718348340",8,"Rose"
"1718351940",7,"Rose"
"1718355540",7,"Rose"
"1718359140",7,"Rose"
"1718362740",7,"Rose"
"1718366340",8,"Rose"
"1718369940",8,"Rose"
"1718373540",8,"Rose"
"1718377140",25,"Rose"
"1718380740",62,"Rose"
"1718384340",92,"Rose"
"1718387940",118,"Rose"
"1718391540",164,"Rose"
"1718395140",167,"Rose"
"1718398740",152,"Rose"
"1718402340",148,"Rose"
"1718403420",141,"Rose"
"1718431140",6,"Rose"
"1718434740",6,"Rose"
"1718438340",4,"Rose"
"1718441940",4,"Rose"
"1718445540",4,"Rose"
"1718449140",4,"Rose"
"1718452740",4,"Rose"
"1718456340",5,"Rose"
"1718459940",4,"Rose"
"1718463540",5,"Rose"
"1718467140",13,"Rose"
"1718470740",24,"Rose"
"1718474340",83,"Rose"
"1718477940",300,"Rose"
"1718481540",367,"Rose"
"1718485140",390,"Rose"
"1718488740",388,"Rose"
"1718492340",311,"Rose"
"1718495940",87,"Rose"
"1718499540",33,"Rose"
"1718503140",35,"Rose"
"1718506740",44,"Rose"
"1718510340",39,"Rose"
"1718513940",14,"Rose"
"1718517540",8,"Rose"
"1718521140",6,"Rose"
"1718524740",7,"Rose"
"1718528340",7,"Rose"
"1718531940",7,"Rose"
"1718535540",7,"Rose"
"1718539140",7,"Rose"
"1718542740",7,"Rose"
"1718546340",7,"Rose"
"1718549940",5,"Rose"
"1718553540",11,"Rose"
"1718557140",17,"Rose"
"1718560740",45,"Rose"
"1718564340",92,"Rose"
"1718567940",97,"Rose"
"1718571540",106,"Rose"
"1718575140",128,"Rose"
"1718578740",102,"Rose"
"1718582340",48,"Rose"
"1718585940",13,"Rose"
"1718589540",17,"Rose"
"1718593140",18,"Rose"
"1718596740",21,"Rose"
"1718600340",14,"Rose"
"1718603940",11,"Rose"
"1718607540",10,"Rose"
"1718611140",9,"Rose"
"1718614740",9,"Rose"
"1718618340",0,"Rose"
"1718621940",1,"Rose"
"1718625540",1,"Rose"
"1718629140",1,"Rose"
"1718632740",3,"Rose"
"1718636340",25,"Rose"
"1718639940",72,"Rose"
"1718643540",117,"Rose"
"1718647140",138,"Rose"
"1718650740",155,"Rose"
"1718654340",165,"Rose"
"1718657940",190,"Rose"
"1718661540",197,"Rose"
"1718665140",164,"Rose"
"1718668740",91,"Rose"
"1718672340",39,"Rose"
"1718675940",24,"Rose"
"1718679540",18,"Rose"
"1718683140",10,"Rose"
"1718686740",5,"Rose"
"1718690340",3,"Rose"
"1718693940",1,"Rose"
"1718697540",0,"Rose"
"1718701140",0,"Rose"
"1718704740",2,"Rose"
"1718708340",0,"Rose"
"1718711940",0,"Rose"
"1718715540",2,"Rose"
"1718719140",7,"Rose"
"1718722740",24,"Rose"
"1718726340",84,"Rose"
"1718729940",158,"Rose"
"1718733540",193,"Rose"
"1718737140",225,"Rose"
"1718740740",240,"Rose"
"1718744340",236,"Rose"
"1718747940",214,"Rose"
"1718751540",301,"Rose"
"1718755140",313,"Rose"
"1718758740",284,"Rose"
"1718762340",266,"Rose"
"1718765940",68,"Rose"
"1718769540",12,"Rose"
"1718773140",9,"Rose"
"1718776740",2,"Rose"
"1718780340",2,"Rose"
"1718783940",1,"Rose"
"1718787540",4,"Rose"
"1718791140",4,"Rose"
"1718794740",4,"Rose"
"1718798340",4,"Rose"
"1718801940",6,"Rose"
"1718805540",7,"Rose"
"1718809140",31,"Rose"
"1718812740",100,"Rose"
"1718816340",162,"Rose"
"1718819940",202,"Rose"
"1718823540",244,"Rose"
"1718827140",360,"Rose"
"1718830740",487,"Rose"
"1718834340",492,"Rose"
"1718837940",463,"Rose"
"1718841540",143,"Rose"
"1718845140",61,"Rose"
"1718848740",33,"Rose"
"1718852340",30,"Rose"
"1718855940",21,"Rose"
"1718859540",11,"Rose"
"1718863140",8,"Rose"
"1718866740",5,"Rose"
"1718870340",2,"Rose"
"1718873940",2,"Rose"
"1718877540",2,"Rose"
"1718881140",3,"Rose"
"1718884740",3,"Rose"
"1718884800",3,"Rose"
"1717160340",634,"Health Sciences"
"1717163940",624,"Health Sciences"
"1717167540",570,"Health Sciences"
"1717171140",438,"Health Sciences"
"1717174740",266,"Health Sciences"
"1717178340",171,"Health Sciences"
"1717181940",112,"Health Sciences"
"1717185540",67,"Health Sciences"
"1717189140",49,"Health Sciences"
"1717192740",45,"Health Sciences"
"1717196340",42,"Health Sciences"
"1717199940",13,"Health Sciences"
"1717203540",10,"Health Sciences"
"1717207140",9,"Health Sciences"
"1717210740",9,"Health Sciences"
"1717214340",9,"Health Sciences"
"1717217940",8,"Health Sciences"
"1717221540",13,"Health Sciences"
"1717225140",51,"Health Sciences"
"1717228740",61,"Health Sciences"
"1717232340",71,"Health Sciences"
"1717235940",97,"Health Sciences"
"1717239540",112,"Health Sciences"
"1717243140",125,"Health Sciences"
"1717246740",127,"Health Sciences"
"1717250340",131,"Health Sciences"
"1717253940",147,"Health Sciences"
"1717257540",123,"Health Sciences"
"1717261140",102,"Health Sciences"
"1717264740",80,"Health Sciences"
"1717268340",71,"Health Sciences"
"1717271940",46,"Health Sciences"
"1717275540",30,"Health Sciences"
"1717279140",25,"Health Sciences"
"1717282740",27,"Health Sciences"
"1717286340",10,"Health Sciences"
"1717289940",7,"Health Sciences"
"1717293540",6,"Health Sciences"
"1717297140",5,"Health Sciences"
"1717300740",5,"Health Sciences"
"1717304340",4,"Health Sciences"
"1717307940",10,"Health Sciences"
"1717311540",37,"Health Sciences"
"1717315140",39,"Health Sciences"
"1717318740",49,"Health Sciences"
"1717322340",61,"Health Sciences"
"1717325940",71,"Health Sciences"
"1717329540",87,"Health Sciences"
"1717333140",88,"Health Sciences"
"1717336740",85,"Health Sciences"
"1717340340",96,"Health Sciences"
"1717343940",76,"Health Sciences"
"1717347540",56,"Health Sciences"
"1717351140",38,"Health Sciences"
"1717354740",32,"Health Sciences"
"1717358340",23,"Health Sciences"
"1717361940",20,"Health Sciences"
"1717365540",16,"Health Sciences"
"1717369140",18,"Health Sciences"
"1717372740",0,"Health Sciences"
"1717376340",0,"Health Sciences"
"1717379940",0,"Health Sciences"
"1717383540",0,"Health Sciences"
"1717387140",0,"Health Sciences"
"1717390740",0,"Health Sciences"
"1717394340",21,"Health Sciences"
"1717397940",134,"Health Sciences"
"1717401540",336,"Health Sciences"
"1717405140",550,"Health Sciences"
"1717408740",676,"Health Sciences"
"1717412340",744,"Health Sciences"
"1717415940",731,"Health Sciences"
"1717419540",739,"Health Sciences"
"1717423140",733,"Health Sciences"
"1717426740",691,"Health Sciences"
"1717430340",542,"Health Sciences"
"1717433940",309,"Health Sciences"
"1717437540",160,"Health Sciences"
"1717441140",114,"Health Sciences"
"1717444740",68,"Health Sciences"
"1717448340",53,"Health Sciences"
"1717451940",47,"Health Sciences"
"1717455540",43,"Health Sciences"
"1717459140",17,"Health Sciences"
"1717462740",11,"Health Sciences"
"1717466340",10,"Health Sciences"
"1717469940",10,"Health Sciences"
"1717473540",8,"Health Sciences"
"1717477140",9,"Health Sciences"
"1717480740",35,"Health Sciences"
"1717484340",157,"Health Sciences"
"1717487940",358,"Health Sciences"
"1717491540",581,"Health Sciences"
"1717495140",741,"Health Sciences"
"1717498740",784,"Health Sciences"
"1717502340",816,"Health Sciences"
"1717505940",826,"Health Sciences"
"1717509540",813,"Health Sciences"
"1717513140",766,"Health Sciences"
"1717516740",615,"Health Sciences"
"1717520340",351,"Health Sciences"
"1717523940",178,"Health Sciences"
"1717527540",121,"Health Sciences"
"1717531140",68,"Health Sciences"
"1717534740",55,"Health Sciences"
"1717538340",49,"Health Sciences"
"1717541940",47,"Health Sciences"
"1717545540",18,"Health Sciences"
"1717549140",12,"Health Sciences"
"1717552740",10,"Health Sciences"
"1717556340",9,"Health Sciences"
"1717559940",9,"Health Sciences"
"1717563540",12,"Health Sciences"
"1717567140",37,"Health Sciences"
"1717570740",150,"Health Sciences"
"1717574340",365,"Health Sciences"
"1717577940",610,"Health Sciences"
"1717581540",753,"Health Sciences"
"1717585140",817,"Health Sciences"
"1717588740",833,"Health Sciences"
"1717592340",826,"Health Sciences"
"1717595940",801,"Health Sciences"
"1717599540",761,"Health Sciences"
"1717603140",607,"Health Sciences"
"1717606740",347,"Health Sciences"
"1717610340",167,"Health Sciences"
"1717613940",118,"Health Sciences"
"1717617540",61,"Health Sciences"
"1717621140",41,"Health Sciences"
"1717624740",33,"Health Sciences"
"1717628340",28,"Health Sciences"
"1717631940",2,"Health Sciences"
"1717635540",0,"Health Sciences"
"1717639140",0,"Health Sciences"
"1717642740",0,"Health Sciences"
"1717646340",0,"Health Sciences"
"1717649940",1,"Health Sciences"
"1717653540",26,"Health Sciences"
"1717657140",150,"Health Sciences"
"1717660740",351,"Health Sciences"
"1717664340",541,"Health Sciences"
"1717667940",687,"Health Sciences"
"1717671540",745,"Health Sciences"
"1717675140",761,"Health Sciences"
"1717677420",760,"Health Sciences"
"1717703940",762,"Health Sciences"
"1717707540",747,"Health Sciences"
"1717711140",684,"Health Sciences"
"1717714740",528,"Health Sciences"
"1717718340",317,"Health Sciences"
"1717721940",158,"Health Sciences"
"1717725540",109,"Health Sciences"
"1717729140",59,"Health Sciences"
"1717732740",44,"Health Sciences"
"1717736340",34,"Health Sciences"
"1717739940",32,"Health Sciences"
"1717743540",6,"Health Sciences"
"1717747140",1,"Health Sciences"
"1717750740",0,"Health Sciences"
"1717754340",0,"Health Sciences"
"1717757940",0,"Health Sciences"
"1717761540",1,"Health Sciences"
"1717765140",16,"Health Sciences"
"1717768740",137,"Health Sciences"
"1717772340",296,"Health Sciences"
"1717775940",430,"Health Sciences"
"1717779540",519,"Health Sciences"
"1717783140",561,"Health Sciences"
"1717786740",586,"Health Sciences"
"1717790340",584,"Health Sciences"
"1717793940",556,"Health Sciences"
"1717797540",508,"Health Sciences"
"1717801140",398,"Health Sciences"
"1717804740",249,"Health Sciences"
"1717808340",143,"Health Sciences"
"1717811940",98,"Health Sciences"
"1717815540",56,"Health Sciences"
"1717819140",46,"Health Sciences"
"1717822740",44,"Health Sciences"
"1717826340",42,"Health Sciences"
"1717829940",13,"Health Sciences"
"1717833540",8,"Health Sciences"
"1717837140",7,"Health Sciences"
"1717840740",7,"Health Sciences"
"1717844340",7,"Health Sciences"
"1717847940",7,"Health Sciences"
"1717851540",14,"Health Sciences"
"1717855140",45,"Health Sciences"
"1717858740",42,"Health Sciences"
"1717862340",50,"Health Sciences"
"1717865940",74,"Health Sciences"
"1717869540",102,"Health Sciences"
"1717873140",108,"Health Sciences"
"1717876740",112,"Health Sciences"
"1717880340",103,"Health Sciences"
"1717883940",109,"Health Sciences"
"1717887540",107,"Health Sciences"
"1717891140",88,"Health Sciences"
"1717894740",71,"Health Sciences"
"1717898340",66,"Health Sciences"
"1717901940",31,"Health Sciences"
"1717905540",21,"Health Sciences"
"1717909140",17,"Health Sciences"
"1717912740",17,"Health Sciences"
"1717916340",2,"Health Sciences"
"1717919940",1,"Health Sciences"
"1717923540",1,"Health Sciences"
"1717927140",0,"Health Sciences"
"1717930740",0,"Health Sciences"
"1717934340",0,"Health Sciences"
"1717937940",3,"Health Sciences"
"1717941540",41,"Health Sciences"
"1717945140",48,"Health Sciences"
"1717948740",49,"Health Sciences"
"1717952340",54,"Health Sciences"
"1717955940",69,"Health Sciences"
"1717959540",78,"Health Sciences"
"1717963140",86,"Health Sciences"
"1717966740",92,"Health Sciences"
"1717970340",86,"Health Sciences"
"1717973940",77,"Health Sciences"
"1717977540",66,"Health Sciences"
"1717981140",59,"Health Sciences"
"1717984740",70,"Health Sciences"
"1717988340",72,"Health Sciences"
"1717991940",67,"Health Sciences"
"1717995540",61,"Health Sciences"
"1717999140",28,"Health Sciences"
"1718002740",14,"Health Sciences"
"1718006340",12,"Health Sciences"
"1718009940",11,"Health Sciences"
"1718013540",11,"Health Sciences"
"1718017140",0,"Health Sciences"
"1718020740",3,"Health Sciences"
"1718024340",29,"Health Sciences"
"1718027940",131,"Health Sciences"
"1718031540",327,"Health Sciences"
"1718035140",545,"Health Sciences"
"1718038740",682,"Health Sciences"
"1718042340",728,"Health Sciences"
"1718045940",725,"Health Sciences"
"1718049540",725,"Health Sciences"
"1718053140",705,"Health Sciences"
"1718056740",643,"Health Sciences"
"1718060340",501,"Health Sciences"
"1718063940",280,"Health Sciences"
"1718067540",147,"Health Sciences"
"1718071140",93,"Health Sciences"
"1718074740",54,"Health Sciences"
"1718078340",43,"Health Sciences"
"1718081940",34,"Health Sciences"
"1718085540",29,"Health Sciences"
"1718089140",2,"Health Sciences"
"1718092740",1,"Health Sciences"
"1718096340",1,"Health Sciences"
"1718099940",0,"Health Sciences"
"1718103540",0,"Health Sciences"
"1718107140",1,"Health Sciences"
"1718110740",28,"Health Sciences"
"1718114340",150,"Health Sciences"
"1718117940",344,"Health Sciences"
"1718121540",587,"Health Sciences"
"1718125140",728,"Health Sciences"
"1718128740",778,"Health Sciences"
"1718132340",795,"Health Sciences"
"1718135940",810,"Health Sciences"
"1718139540",790,"Health Sciences"
"1718143140",748,"Health Sciences"
"1718146740",610,"Health Sciences"
"1718150340",338,"Health Sciences"
"1718153940",173,"Health Sciences"
"1718157540",131,"Health Sciences"
"1718161140",68,"Health Sciences"
"1718164740",47,"Health Sciences"
"1718168340",33,"Health Sciences"
"1718171940",36,"Health Sciences"
"1718175540",9,"Health Sciences"
"1718179140",1,"Health Sciences"
"1718182740",1,"Health Sciences"
"1718186340",1,"Health Sciences"
"1718189940",0,"Health Sciences"
"1718193540",1,"Health Sciences"
"1718197140",29,"Health Sciences"
"1718200740",151,"Health Sciences"
"1718204340",342,"Health Sciences"
"1718207940",563,"Health Sciences"
"1718211540",707,"Health Sciences"
"1718215140",764,"Health Sciences"
"1718218740",769,"Health Sciences"
"1718222340",753,"Health Sciences"
"1718225940",740,"Health Sciences"
"1718229540",696,"Health Sciences"
"1718233140",547,"Health Sciences"
"1718236740",339,"Health Sciences"
"1718240340",176,"Health Sciences"
"1718243940",121,"Health Sciences"
"1718247540",67,"Health Sciences"
"1718251140",43,"Health Sciences"
"1718254740",35,"Health Sciences"
"1718258340",33,"Health Sciences"
"1718261940",4,"Health Sciences"
"1718265540",0,"Health Sciences"
"1718269140",0,"Health Sciences"
"1718272740",0,"Health Sciences"
"1718276340",0,"Health Sciences"
"1718279940",1,"Health Sciences"
"1718283540",26,"Health Sciences"
"1718287140",127,"Health Sciences"
"1718290740",318,"Health Sciences"
"1718294340",544,"Health Sciences"
"1718297940",672,"Health Sciences"
"1718301540",729,"Health Sciences"
"1718305140",748,"Health Sciences"
"1718308740",750,"Health Sciences"
"1718312340",725,"Health Sciences"
"1718315940",680,"Health Sciences"
"1718319540",524,"Health Sciences"
"1718323140",325,"Health Sciences"
"1718326740",180,"Health Sciences"
"1718330340",129,"Health Sciences"
"1718333940",70,"Health Sciences"
"1718337540",50,"Health Sciences"
"1718341140",38,"Health Sciences"
"1718344740",36,"Health Sciences"
"1718348340",4,"Health Sciences"
"1718351940",0,"Health Sciences"
"1718355540",0,"Health Sciences"
"1718359140",0,"Health Sciences"
"1718362740",1,"Health Sciences"
"1718366340",2,"Health Sciences"
"1718369940",24,"Health Sciences"
"1718373540",128,"Health Sciences"
"1718377140",270,"Health Sciences"
"1718380740",434,"Health Sciences"
"1718384340",541,"Health Sciences"
"1718387940",598,"Health Sciences"
"1718391540",617,"Health Sciences"
"1718395140",601,"Health Sciences"
"1718398740",581,"Health Sciences"
"1718402340",519,"Health Sciences"
"1718403420",491,"Health Sciences"
"1718431140",47,"Health Sciences"
"1718434740",13,"Health Sciences"
"1718438340",9,"Health Sciences"
"1718441940",7,"Health Sciences"
"1718445540",6,"Health Sciences"
"1718449140",5,"Health Sciences"
"1718452740",6,"Health Sciences"
"1718456340",9,"Health Sciences"
"1718459940",46,"Health Sciences"
"1718463540",59,"Health Sciences"
"1718467140",73,"Health Sciences"
"1718470740",88,"Health Sciences"
"1718474340",110,"Health Sciences"
"1718477940",122,"Health Sciences"
"1718481540",121,"Health Sciences"
"1718485140",124,"Health Sciences"
"1718488740",129,"Health Sciences"
"1718492340",113,"Health Sciences"
"1718495940",99,"Health Sciences"
"1718499540",81,"Health Sciences"
"1718503140",69,"Health Sciences"
"1718506740",34,"Health Sciences"
"1718510340",26,"Health Sciences"
"1718513940",23,"Health Sciences"
"1718517540",23,"Health Sciences"
"1718521140",8,"Health Sciences"
"1718524740",6,"Health Sciences"
"1718528340",6,"Health Sciences"
"1718531940",6,"Health Sciences"
"1718535540",6,"Health Sciences"
"1718539140",5,"Health Sciences"
"1718542740",9,"Health Sciences"
"1718546340",36,"Health Sciences"
"1718549940",37,"Health Sciences"
"1718553540",47,"Health Sciences"
"1718557140",49,"Health Sciences"
"1718560740",64,"Health Sciences"
"1718564340",74,"Health Sciences"
"1718567940",75,"Health Sciences"
"1718571540",90,"Health Sciences"
"1718575140",90,"Health Sciences"
"1718578740",78,"Health Sciences"
"1718582340",63,"Health Sciences"
"1718585940",63,"Health Sciences"
"1718589540",57,"Health Sciences"
"1718593140",34,"Health Sciences"
"1718596740",25,"Health Sciences"
"1718600340",25,"Health Sciences"
"1718603940",24,"Health Sciences"
"1718607540",11,"Health Sciences"
"1718611140",9,"Health Sciences"
"1718614740",9,"Health Sciences"
"1718618340",8,"Health Sciences"
"1718621940",0,"Health Sciences"
"1718625540",2,"Health Sciences"
"1718629140",25,"Health Sciences"
"1718632740",130,"Health Sciences"
"1718636340",314,"Health Sciences"
"1718639940",525,"Health Sciences"
"1718643540",651,"Health Sciences"
"1718647140",708,"Health Sciences"
"1718650740",715,"Health Sciences"
"1718654340",720,"Health Sciences"
"1718657940",714,"Health Sciences"
"1718661540",657,"Health Sciences"
"1718665140",511,"Health Sciences"
"1718668740",299,"Health Sciences"
"1718672340",163,"Health Sciences"
"1718675940",115,"Health Sciences"
"1718679540",57,"Health Sciences"
"1718683140",44,"Health Sciences"
"1718686740",39,"Health Sciences"
"1718690340",37,"Health Sciences"
"1718693940",10,"Health Sciences"
"1718697540",7,"Health Sciences"
"1718701140",7,"Health Sciences"
"1718704740",6,"Health Sciences"
"1718708340",5,"Health Sciences"
"1718711940",5,"Health Sciences"
"1718715540",31,"Health Sciences"
"1718719140",148,"Health Sciences"
"1718722740",348,"Health Sciences"
"1718726340",596,"Health Sciences"
"1718729940",743,"Health Sciences"
"1718733540",793,"Health Sciences"
"1718737140",800,"Health Sciences"
"1718740740",822,"Health Sciences"
"1718744340",795,"Health Sciences"
"1718747940",739,"Health Sciences"
"1718751540",588,"Health Sciences"
"1718755140",342,"Health Sciences"
"1718758740",182,"Health Sciences"
"1718762340",134,"Health Sciences"
"1718765940",71,"Health Sciences"
"1718769540",53,"Health Sciences"
"1718773140",49,"Health Sciences"
"1718776740",46,"Health Sciences"
"1718780340",26,"Health Sciences"
"1718783940",24,"Health Sciences"
"1718787540",22,"Health Sciences"
"1718791140",22,"Health Sciences"
"1718794740",22,"Health Sciences"
"1718798340",23,"Health Sciences"
"1718801940",48,"Health Sciences"
"1718805540",157,"Health Sciences"
"1718809140",343,"Health Sciences"
"1718812740",597,"Health Sciences"
"1718816340",734,"Health Sciences"
"1718819940",802,"Health Sciences"
"1718823540",810,"Health Sciences"
"1718827140",801,"Health Sciences"
"1718830740",779,"Health Sciences"
"1718834340",725,"Health Sciences"
"1718837940",577,"Health Sciences"
"1718841540",348,"Health Sciences"
"1718845140",188,"Health Sciences"
"1718848740",122,"Health Sciences"
"1718852340",76,"Health Sciences"
"1718855940",52,"Health Sciences"
"1718859540",48,"Health Sciences"
"1718863140",47,"Health Sciences"
"1718866740",18,"Health Sciences"
"1718870340",16,"Health Sciences"
"1718873940",15,"Health Sciences"
"1718877540",14,"Health Sciences"
"1718881140",12,"Health Sciences"
"1718884740",12,"Health Sciences"
"1718884800",12,"Health Sciences"
"1717160340",133,"Fraser"
"1717163940",137,"Fraser"
"1717167540",126,"Fraser"
"1717171140",95,"Fraser"
"1717174740",57,"Fraser"
"1717178340",53,"Fraser"
"1717181940",57,"Fraser"
"1717185540",56,"Fraser"
"1717189140",47,"Fraser"
"1717192740",25,"Fraser"
"1717196340",28,"Fraser"
"1717199940",29,"Fraser"
"1717203540",29,"Fraser"
"1717207140",28,"Fraser"
"1717210740",28,"Fraser"
"1717214340",28,"Fraser"
"1717217940",28,"Fraser"
"1717221540",28,"Fraser"
"1717225140",28,"Fraser"
"1717228740",28,"Fraser"
"1717232340",40,"Fraser"
"1717235940",44,"Fraser"
"1717239540",47,"Fraser"
"1717243140",51,"Fraser"
"1717246740",56,"Fraser"
"1717250340",54,"Fraser"
"1717253940",51,"Fraser"
"1717257540",48,"Fraser"
"1717261140",50,"Fraser"
"1717264740",43,"Fraser"
"1717268340",45,"Fraser"
"1717271940",58,"Fraser"
"1717275540",56,"Fraser"
"1717279140",24,"Fraser"
"1717282740",25,"Fraser"
"1717286340",26,"Fraser"
"1717289940",25,"Fraser"
"1717293540",25,"Fraser"
"1717297140",26,"Fraser"
"1717300740",26,"Fraser"
"1717304340",26,"Fraser"
"1717307940",25,"Fraser"
"1717311540",26,"Fraser"
"1717315140",28,"Fraser"
"1717318740",39,"Fraser"
"1717322340",42,"Fraser"
"1717325940",44,"Fraser"
"1717329540",49,"Fraser"
"1717333140",49,"Fraser"
"1717336740",50,"Fraser"
"1717340340",51,"Fraser"
"1717343940",48,"Fraser"
"1717347540",45,"Fraser"
"1717351140",36,"Fraser"
"1717354740",31,"Fraser"
"1717358340",29,"Fraser"
"1717361940",30,"Fraser"
"1717365540",31,"Fraser"
"1717369140",32,"Fraser"
"1717372740",32,"Fraser"
"1717376340",30,"Fraser"
"1717379940",30,"Fraser"
"1717383540",30,"Fraser"
"1717387140",0,"Fraser"
"1717390740",0,"Fraser"
"1717394340",1,"Fraser"
"1717397940",8,"Fraser"
"1717401540",29,"Fraser"
"1717405140",96,"Fraser"
"1717408740",133,"Fraser"
"1717412340",149,"Fraser"
"1717415940",155,"Fraser"
"1717419540",153,"Fraser"
"1717423140",160,"Fraser"
"1717426740",147,"Fraser"
"1717430340",128,"Fraser"
"1717433940",72,"Fraser"
"1717437540",44,"Fraser"
"1717441140",29,"Fraser"
"1717444740",19,"Fraser"
"1717448340",13,"Fraser"
"1717451940",8,"Fraser"
"1717455540",5,"Fraser"
"1717459140",3,"Fraser"
"1717462740",3,"Fraser"
"1717466340",2,"Fraser"
"1717469940",3,"Fraser"
"1717473540",3,"Fraser"
"1717477140",3,"Fraser"
"1717480740",1,"Fraser"
"1717484340",13,"Fraser"
"1717487940",35,"Fraser"
"1717491540",129,"Fraser"
"1717495140",203,"Fraser"
"1717498740",227,"Fraser"
"1717502340",232,"Fraser"
"1717505940",230,"Fraser"
"1717509540",227,"Fraser"
"1717513140",217,"Fraser"
"1717516740",187,"Fraser"
"1717520340",101,"Fraser"
"1717523940",41,"Fraser"
"1717527540",27,"Fraser"
"1717531140",10,"Fraser"
"1717534740",5,"Fraser"
"1717538340",2,"Fraser"
"1717541940",3,"Fraser"
"1717545540",2,"Fraser"
"1717549140",3,"Fraser"
"1717552740",3,"Fraser"
"1717556340",1,"Fraser"
"1717559940",1,"Fraser"
"1717563540",2,"Fraser"
"1717567140",1,"Fraser"
"1717570740",5,"Fraser"
"1717574340",44,"Fraser"
"1717577940",140,"Fraser"
"1717581540",209,"Fraser"
"1717585140",228,"Fraser"
"1717588740",235,"Fraser"
"1717592340",234,"Fraser"
"1717595940",231,"Fraser"
"1717599540",224,"Fraser"
"1717603140",195,"Fraser"
"1717606740",90,"Fraser"
"1717610340",34,"Fraser"
"1717613940",26,"Fraser"
"1717617540",15,"Fraser"
"1717621140",11,"Fraser"
"1717624740",8,"Fraser"
"1717628340",9,"Fraser"
"1717631940",8,"Fraser"
"1717635540",8,"Fraser"
"1717639140",8,"Fraser"
"1717642740",8,"Fraser"
"1717646340",8,"Fraser"
"1717649940",8,"Fraser"
"1717653540",9,"Fraser"
"1717657140",14,"Fraser"
"1717660740",34,"Fraser"
"1717664340",93,"Fraser"
"1717667940",143,"Fraser"
"1717671540",172,"Fraser"
"1717675140",179,"Fraser"
"1717677720",176,"Fraser"
"1717703940",177,"Fraser"
"1717707540",171,"Fraser"
"1717711140",157,"Fraser"
"1717714740",122,"Fraser"
"1717718340",74,"Fraser"
"1717721940",31,"Fraser"
"1717725540",26,"Fraser"
"1717729140",27,"Fraser"
"1717732740",18,"Fraser"
"1717736340",10,"Fraser"
"1717739940",8,"Fraser"
"1717743540",9,"Fraser"
"1717747140",8,"Fraser"
"1717750740",8,"Fraser"
"1717754340",7,"Fraser"
"1717757940",7,"Fraser"
"1717761540",7,"Fraser"
"1717765140",7,"Fraser"
"1717768740",10,"Fraser"
"1717772340",23,"Fraser"
"1717775940",61,"Fraser"
"1717779540",93,"Fraser"
"1717783140",111,"Fraser"
"1717786740",120,"Fraser"
"1717790340",120,"Fraser"
"1717793940",124,"Fraser"
"1717797540",115,"Fraser"
"1717801140",110,"Fraser"
"1717804740",64,"Fraser"
"1717808340",42,"Fraser"
"1717811940",38,"Fraser"
"1717815540",28,"Fraser"
"1717819140",27,"Fraser"
"1717822740",19,"Fraser"
"1717826340",22,"Fraser"
"1717829940",22,"Fraser"
"1717833540",20,"Fraser"
"1717837140",19,"Fraser"
"1717840740",19,"Fraser"
"1717844340",20,"Fraser"
"1717847940",20,"Fraser"
"1717851540",19,"Fraser"
"1717855140",18,"Fraser"
"1717858740",16,"Fraser"
"1717862340",19,"Fraser"
"1717865940",19,"Fraser"
"1717869540",24,"Fraser"
"1717873140",36,"Fraser"
"1717876740",42,"Fraser"
"1717880340",47,"Fraser"
"1717883940",56,"Fraser"
"1717887540",57,"Fraser"
"1717891140",63,"Fraser"
"1717894740",57,"Fraser"
"1717898340",71,"Fraser"
"1717901940",73,"Fraser"
"1717905540",68,"Fraser"
"1717909140",22,"Fraser"
"1717912740",25,"Fraser"
"1717916340",25,"Fraser"
"1717919940",25,"Fraser"
"1717923540",24,"Fraser"
"1717927140",24,"Fraser"
"1717930740",24,"Fraser"
"1717934340",24,"Fraser"
"1717937940",23,"Fraser"
"1717941540",24,"Fraser"
"1717945140",23,"Fraser"
"1717948740",23,"Fraser"
"1717952340",27,"Fraser"
"1717955940",30,"Fraser"
"1717959540",32,"Fraser"
"1717963140",34,"Fraser"
"1717966740",40,"Fraser"
"1717970340",49,"Fraser"
"1717973940",48,"Fraser"
"1717977540",43,"Fraser"
"1717981140",38,"Fraser"
"1717984740",39,"Fraser"
"1717988340",37,"Fraser"
"1717991940",36,"Fraser"
"1717995540",29,"Fraser"
"1717999140",31,"Fraser"
"1718002740",31,"Fraser"
"1718006340",31,"Fraser"
"1718009940",31,"Fraser"
"1718013540",31,"Fraser"
"1718017140",0,"Fraser"
"1718020740",1,"Fraser"
"1718024340",3,"Fraser"
"1718027940",4,"Fraser"
"1718031540",19,"Fraser"
"1718035140",85,"Fraser"
"1718038740",118,"Fraser"
"1718042340",130,"Fraser"
"1718045940",135,"Fraser"
"1718049540",143,"Fraser"
"1718053140",147,"Fraser"
"1718056740",135,"Fraser"
"1718060340",114,"Fraser"
"1718063940",58,"Fraser"
"1718067540",29,"Fraser"
"1718071140",29,"Fraser"
"1718074740",22,"Fraser"
"1718078340",20,"Fraser"
"1718081940",18,"Fraser"
"1718085540",17,"Fraser"
"1718089140",15,"Fraser"
"1718092740",15,"Fraser"
"1718096340",14,"Fraser"
"1718099940",14,"Fraser"
"1718103540",14,"Fraser"
"1718107140",14,"Fraser"
"1718110740",15,"Fraser"
"1718114340",18,"Fraser"
"1718117940",36,"Fraser"
"1718121540",122,"Fraser"
"1718125140",192,"Fraser"
"1718128740",231,"Fraser"
"1718132340",232,"Fraser"
"1718135940",226,"Fraser"
"1718139540",233,"Fraser"
"1718143140",216,"Fraser"
"1718146740",192,"Fraser"
"1718150340",99,"Fraser"
"1718153940",47,"Fraser"
"1718157540",33,"Fraser"
"1718161140",28,"Fraser"
"1718164740",27,"Fraser"
"1718168340",21,"Fraser"
"1718171940",20,"Fraser"
"1718175540",21,"Fraser"
"1718179140",22,"Fraser"
"1718182740",22,"Fraser"
"1718186340",22,"Fraser"
"1718189940",21,"Fraser"
"1718193540",22,"Fraser"
"1718197140",23,"Fraser"
"1718200740",28,"Fraser"
"1718204340",64,"Fraser"
"1718207940",146,"Fraser"
"1718211540",217,"Fraser"
"1718215140",232,"Fraser"
"1718218740",244,"Fraser"
"1718222340",243,"Fraser"
"1718225940",245,"Fraser"
"1718229540",228,"Fraser"
"1718233140",232,"Fraser"
"1718236740",312,"Fraser"
"1718240340",286,"Fraser"
"1718243940",280,"Fraser"
"1718247540",257,"Fraser"
"1718251140",244,"Fraser"
"1718254740",139,"Fraser"
"1718258340",49,"Fraser"
"1718261940",44,"Fraser"
"1718265540",41,"Fraser"
"1718269140",41,"Fraser"
"1718272740",41,"Fraser"
"1718276340",41,"Fraser"
"1718279940",40,"Fraser"
"1718283540",40,"Fraser"
"1718287140",46,"Fraser"
"1718290740",65,"Fraser"
"1718294340",145,"Fraser"
"1718297940",201,"Fraser"
"1718301540",220,"Fraser"
"1718305140",230,"Fraser"
"1718308740",221,"Fraser"
"1718312340",223,"Fraser"
"1718315940",207,"Fraser"
"1718319540",185,"Fraser"
"1718323140",134,"Fraser"
"1718326740",109,"Fraser"
"1718330340",107,"Fraser"
"1718333940",96,"Fraser"
"1718337540",74,"Fraser"
"1718341140",57,"Fraser"
"1718344740",51,"Fraser"
"1718348340",51,"Fraser"
"1718351940",50,"Fraser"
"1718355540",49,"Fraser"
"1718359140",49,"Fraser"
"1718362740",49,"Fraser"
"1718366340",50,"Fraser"
"1718369940",50,"Fraser"
"1718373540",53,"Fraser"
"1718377140",66,"Fraser"
"1718380740",106,"Fraser"
"1718384340",136,"Fraser"
"1718387940",156,"Fraser"
"1718391540",188,"Fraser"
"1718395140",182,"Fraser"
"1718398740",186,"Fraser"
"1718402340",166,"Fraser"
"1718403420",154,"Fraser"
"1718431140",54,"Fraser"
"1718434740",51,"Fraser"
"1718438340",50,"Fraser"
"1718441940",50,"Fraser"
"1718445540",50,"Fraser"
"1718449140",50,"Fraser"
"1718452740",50,"Fraser"
"1718456340",50,"Fraser"
"1718459940",50,"Fraser"
"1718463540",48,"Fraser"
"1718467140",53,"Fraser"
"1718470740",58,"Fraser"
"1718474340",58,"Fraser"
"1718477940",62,"Fraser"
"1718481540",62,"Fraser"
"1718485140",69,"Fraser"
"1718488740",75,"Fraser"
"1718492340",76,"Fraser"
"1718495940",67,"Fraser"
"1718499540",63,"Fraser"
"1718503140",72,"Fraser"
"1718506740",88,"Fraser"
"1718510340",91,"Fraser"
"1718513940",59,"Fraser"
"1718517540",61,"Fraser"
"1718521140",59,"Fraser"
"1718524740",59,"Fraser"
"1718528340",59,"Fraser"
"1718531940",59,"Fraser"
"1718535540",59,"Fraser"
"1718539140",59,"Fraser"
"1718542740",58,"Fraser"
"1718546340",58,"Fraser"
"1718549940",58,"Fraser"
"1718553540",60,"Fraser"
"1718557140",69,"Fraser"
"1718560740",66,"Fraser"
"1718564340",67,"Fraser"
"1718567940",63,"Fraser"
"1718571540",64,"Fraser"
"1718575140",68,"Fraser"
"1718578740",67,"Fraser"
"1718582340",65,"Fraser"
"1718585940",62,"Fraser"
"1718589540",65,"Fraser"
"1718593140",69,"Fraser"
"1718596740",68,"Fraser"
"1718600340",62,"Fraser"
"1718603940",64,"Fraser"
"1718607540",63,"Fraser"
"1718611140",64,"Fraser"
"1718614740",65,"Fraser"
"1718618340",65,"Fraser"
"1718621940",0,"Fraser"
"1718625540",0,"Fraser"
"1718629140",2,"Fraser"
"1718632740",6,"Fraser"
"1718636340",29,"Fraser"
"1718639940",84,"Fraser"
"1718643540",117,"Fraser"
"1718647140",129,"Fraser"
"1718650740",130,"Fraser"
"1718654340",140,"Fraser"
"1718657940",143,"Fraser"
"1718661540",137,"Fraser"
"1718665140",117,"Fraser"
"1718668740",66,"Fraser"
"1718672340",29,"Fraser"
"1718675940",15,"Fraser"
"1718679540",10,"Fraser"
"1718683140",7,"Fraser"
"1718686740",4,"Fraser"
"1718690340",8,"Fraser"
"1718693940",7,"Fraser"
"1718697540",8,"Fraser"
"1718701140",8,"Fraser"
"1718704740",8,"Fraser"
"1718708340",8,"Fraser"
"1718711940",8,"Fraser"
"1718715540",8,"Fraser"
"1718719140",14,"Fraser"
"1718722740",40,"Fraser"
"1718726340",111,"Fraser"
"1718729940",182,"Fraser"
"1718733540",219,"Fraser"
"1718737140",226,"Fraser"
"1718740740",233,"Fraser"
"1718744340",235,"Fraser"
"1718747940",217,"Fraser"
"1718751540",191,"Fraser"
"1718755140",109,"Fraser"
"1718758740",53,"Fraser"
"1718762340",34,"Fraser"
"1718765940",25,"Fraser"
"1718769540",17,"Fraser"
"1718773140",13,"Fraser"
"1718776740",10,"Fraser"
"1718780340",9,"Fraser"
"1718783940",8,"Fraser"
"1718787540",8,"Fraser"
"1718791140",7,"Fraser"
"1718794740",8,"Fraser"
"1718798340",9,"Fraser"
"1718801940",10,"Fraser"
"1718805540",15,"Fraser"
"1718809140",32,"Fraser"
"1718812740",126,"Fraser"
"1718816340",192,"Fraser"
"1718819940",223,"Fraser"
"1718823540",233,"Fraser"
"1718827140",237,"Fraser"
"1718830740",242,"Fraser"
"1718834340",230,"Fraser"
"1718837940",196,"Fraser"
"1718841540",104,"Fraser"
"1718845140",60,"Fraser"
"1718848740",51,"Fraser"
"1718852340",39,"Fraser"
"1718855940",29,"Fraser"
"1718859540",20,"Fraser"
"1718863140",21,"Fraser"
"1718866740",22,"Fraser"
"1718870340",21,"Fraser"
"1718873940",22,"Fraser"
"1718877540",21,"Fraser"
"1718881140",21,"Fraser"
"1718884740",19,"Fraser"
"1718884800",19,"Fraser"
"1717160340",393,"Thunderbird"
"1717163940",399,"Thunderbird"
"1717167540",367,"Thunderbird"
"1717171140",277,"Thunderbird"
"1717174740",167,"Thunderbird"
"1717178340",69,"Thunderbird"
"1717181940",31,"Thunderbird"
"1717185540",18,"Thunderbird"
"1717189140",5,"Thunderbird"
"1717192740",3,"Thunderbird"
"1717196340",0,"Thunderbird"
"1717199940",0,"Thunderbird"
"1717203540",3,"Thunderbird"
"1717207140",3,"Thunderbird"
"1717210740",3,"Thunderbird"
"1717214340",2,"Thunderbird"
"1717217940",2,"Thunderbird"
"1717221540",2,"Thunderbird"
"1717225140",10,"Thunderbird"
"1717228740",19,"Thunderbird"
"1717232340",33,"Thunderbird"
"1717235940",45,"Thunderbird"
"1717239540",57,"Thunderbird"
"1717243140",51,"Thunderbird"
"1717246740",52,"Thunderbird"
"1717250340",46,"Thunderbird"
"1717253940",44,"Thunderbird"
"1717257540",29,"Thunderbird"
"1717261140",25,"Thunderbird"
"1717264740",20,"Thunderbird"
"1717268340",15,"Thunderbird"
"1717271940",7,"Thunderbird"
"1717275540",5,"Thunderbird"
"1717279140",4,"Thunderbird"
"1717282740",3,"Thunderbird"
"1717286340",3,"Thunderbird"
"1717289940",4,"Thunderbird"
"1717293540",3,"Thunderbird"
"1717297140",4,"Thunderbird"
"1717300740",5,"Thunderbird"
"1717304340",5,"Thunderbird"
"1717307940",5,"Thunderbird"
"1717311540",6,"Thunderbird"
"1717315140",15,"Thunderbird"
"1717318740",28,"Thunderbird"
"1717322340",34,"Thunderbird"
"1717325940",31,"Thunderbird"
"1717329540",29,"Thunderbird"
"1717333140",30,"Thunderbird"
"1717336740",31,"Thunderbird"
"1717340340",31,"Thunderbird"
"1717343940",25,"Thunderbird"
"1717347540",24,"Thunderbird"
"1717351140",17,"Thunderbird"
"1717354740",13,"Thunderbird"
"1717358340",14,"Thunderbird"
"1717361940",6,"Thunderbird"
"1717365540",10,"Thunderbird"
"1717369140",10,"Thunderbird"
"1717372740",5,"Thunderbird"
"1717376340",4,"Thunderbird"
"1717379940",4,"Thunderbird"
"1717383540",0,"Thunderbird"
"1717387140",0,"Thunderbird"
"1717390740",1,"Thunderbird"
"1717394340",14,"Thunderbird"
"1717397940",72,"Thunderbird"
"1717401540",159,"Thunderbird"
"1717405140",336,"Thunderbird"
"1717408740",459,"Thunderbird"
"1717412340",500,"Thunderbird"
"1717415940",507,"Thunderbird"
"1717419540",501,"Thunderbird"
"1717423140",492,"Thunderbird"
"1717426740",448,"Thunderbird"
"1717430340",370,"Thunderbird"
"1717433940",208,"Thunderbird"
"1717437540",90,"Thunderbird"
"1717441140",40,"Thunderbird"
"1717444740",35,"Thunderbird"
"1717448340",31,"Thunderbird"
"1717451940",23,"Thunderbird"
"1717455540",8,"Thunderbird"
"1717459140",5,"Thunderbird"
"1717462740",4,"Thunderbird"
"1717466340",5,"Thunderbird"
"1717469940",6,"Thunderbird"
"1717473540",6,"Thunderbird"
"1717477140",6,"Thunderbird"
"1717480740",17,"Thunderbird"
"1717484340",78,"Thunderbird"
"1717487940",172,"Thunderbird"
"1717491540",359,"Thunderbird"
"1717495140",505,"Thunderbird"
"1717498740",558,"Thunderbird"
"1717502340",573,"Thunderbird"
"1717505940",575,"Thunderbird"
"1717509540",571,"Thunderbird"
"1717513140",507,"Thunderbird"
"1717516740",403,"Thunderbird"
"1717520340",229,"Thunderbird"
"1717523940",116,"Thunderbird"
"1717527540",79,"Thunderbird"
"1717531140",53,"Thunderbird"
"1717534740",33,"Thunderbird"
"1717538340",21,"Thunderbird"
"1717541940",9,"Thunderbird"
"1717545540",1,"Thunderbird"
"1717549140",0,"Thunderbird"
"1717552740",0,"Thunderbird"
"1717556340",1,"Thunderbird"
"1717559940",1,"Thunderbird"
"1717563540",1,"Thunderbird"
"1717567140",19,"Thunderbird"
"1717570740",76,"Thunderbird"
"1717574340",164,"Thunderbird"
"1717577940",343,"Thunderbird"
"1717581540",486,"Thunderbird"
"1717585140",528,"Thunderbird"
"1717588740",535,"Thunderbird"
"1717592340",541,"Thunderbird"
"1717595940",522,"Thunderbird"
"1717599540",481,"Thunderbird"
"1717603140",382,"Thunderbird"
"1717606740",208,"Thunderbird"
"1717610340",82,"Thunderbird"
"1717613940",49,"Thunderbird"
"1717617540",33,"Thunderbird"
"1717621140",18,"Thunderbird"
"1717624740",8,"Thunderbird"
"1717628340",0,"Thunderbird"
"1717631940",0,"Thunderbird"
"1717635540",1,"Thunderbird"
"1717639140",0,"Thunderbird"
"1717642740",0,"Thunderbird"
"1717646340",1,"Thunderbird"
"1717649940",3,"Thunderbird"
"1717653540",16,"Thunderbird"
"1717657140",73,"Thunderbird"
"1717660740",158,"Thunderbird"
"1717664340",318,"Thunderbird"
"1717667940",458,"Thunderbird"
"1717671540",516,"Thunderbird"
"1717675140",536,"Thunderbird"
"1717678200",528,"Thunderbird"
"1717703940",525,"Thunderbird"
"1717707540",523,"Thunderbird"
"1717711140",473,"Thunderbird"
"1717714740",357,"Thunderbird"
"1717718340",220,"Thunderbird"
"1717721940",117,"Thunderbird"
"1717725540",63,"Thunderbird"
"1717729140",40,"Thunderbird"
"1717732740",23,"Thunderbird"
"1717736340",24,"Thunderbird"
"1717739940",10,"Thunderbird"
"1717743540",2,"Thunderbird"
"1717747140",0,"Thunderbird"
"1717750740",0,"Thunderbird"
"1717754340",1,"Thunderbird"
"1717757940",1,"Thunderbird"
"1717761540",1,"Thunderbird"
"1717765140",14,"Thunderbird"
"1717768740",70,"Thunderbird"
"1717772340",125,"Thunderbird"
"1717775940",240,"Thunderbird"
"1717779540",340,"Thunderbird"
"1717783140",371,"Thunderbird"
"1717786740",369,"Thunderbird"
"1717790340",364,"Thunderbird"
"1717793940",355,"Thunderbird"
"1717797540",309,"Thunderbird"
"1717801140",234,"Thunderbird"
"1717804740",139,"Thunderbird"
"1717808340",63,"Thunderbird"
"1717811940",37,"Thunderbird"
"1717815540",23,"Thunderbird"
"1717819140",10,"Thunderbird"
"1717822740",5,"Thunderbird"
"1717826340",0,"Thunderbird"
"1717829940",2,"Thunderbird"
"1717833540",4,"Thunderbird"
"1717837140",5,"Thunderbird"
"1717840740",4,"Thunderbird"
"1717844340",4,"Thunderbird"
"1717847940",4,"Thunderbird"
"1717851540",6,"Thunderbird"
"1717855140",14,"Thunderbird"
"1717858740",36,"Thunderbird"
"1717862340",48,"Thunderbird"
"1717865940",60,"Thunderbird"
"1717869540",65,"Thunderbird"
"1717873140",66,"Thunderbird"
"1717876740",69,"Thunderbird"
"1717880340",70,"Thunderbird"
"1717883940",66,"Thunderbird"
"1717887540",64,"Thunderbird"
"1717891140",48,"Thunderbird"
"1717894740",29,"Thunderbird"
"1717898340",28,"Thunderbird"
"1717901940",22,"Thunderbird"
"1717905540",11,"Thunderbird"
"1717909140",5,"Thunderbird"
"1717912740",2,"Thunderbird"
"1717916340",3,"Thunderbird"
"1717919940",5,"Thunderbird"
"1717923540",6,"Thunderbird"
"1717927140",6,"Thunderbird"
"1717930740",7,"Thunderbird"
"1717934340",7,"Thunderbird"
"1717937940",6,"Thunderbird"
"1717941540",6,"Thunderbird"
"1717945140",19,"Thunderbird"
"1717948740",37,"Thunderbird"
"1717952340",69,"Thunderbird"
"1717955940",86,"Thunderbird"
"1717959540",111,"Thunderbird"
"1717963140",102,"Thunderbird"
"1717966740",97,"Thunderbird"
"1717970340",99,"Thunderbird"
"1717973940",103,"Thunderbird"
"1717977540",99,"Thunderbird"
"1717981140",83,"Thunderbird"
"1717984740",242,"Thunderbird"
"1717988340",720,"Thunderbird"
"1717991940",795,"Thunderbird"
"1717995540",722,"Thunderbird"
"1717999140",147,"Thunderbird"
"1718002740",20,"Thunderbird"
"1718006340",15,"Thunderbird"
"1718009940",11,"Thunderbird"
"1718013540",0,"Thunderbird"
"1718017140",0,"Thunderbird"
"1718020740",1,"Thunderbird"
"1718024340",13,"Thunderbird"
"1718027940",70,"Thunderbird"
"1718031540",168,"Thunderbird"
"1718035140",307,"Thunderbird"
"1718038740",419,"Thunderbird"
"1718042340",469,"Thunderbird"
"1718045940",463,"Thunderbird"
"1718049540",467,"Thunderbird"
"1718053140",463,"Thunderbird"
"1718056740",411,"Thunderbird"
"1718060340",335,"Thunderbird"
"1718063940",217,"Thunderbird"
"1718067540",104,"Thunderbird"
"1718071140",66,"Thunderbird"
"1718074740",53,"Thunderbird"
"1718078340",38,"Thunderbird"
"1718081940",27,"Thunderbird"
"1718085540",17,"Thunderbird"
"1718089140",12,"Thunderbird"
"1718092740",10,"Thunderbird"
"1718096340",10,"Thunderbird"
"1718099940",11,"Thunderbird"
"1718103540",11,"Thunderbird"
"1718107140",10,"Thunderbird"
"1718110740",25,"Thunderbird"
"1718114340",86,"Thunderbird"
"1718117940",164,"Thunderbird"
"1718121540",327,"Thunderbird"
"1718125140",474,"Thunderbird"
"1718128740",536,"Thunderbird"
"1718132340",561,"Thunderbird"
"1718135940",555,"Thunderbird"
"1718139540",552,"Thunderbird"
"1718143140",506,"Thunderbird"
"1718146740",413,"Thunderbird"
"1718150340",248,"Thunderbird"
"1718153940",125,"Thunderbird"
"1718157540",83,"Thunderbird"
"1718161140",66,"Thunderbird"
"1718164740",30,"Thunderbird"
"1718168340",20,"Thunderbird"
"1718171940",6,"Thunderbird"
"1718175540",0,"Thunderbird"
"1718179140",1,"Thunderbird"
"1718182740",0,"Thunderbird"
"1718186340",0,"Thunderbird"
"1718189940",0,"Thunderbird"
"1718193540",0,"Thunderbird"
"1718197140",18,"Thunderbird"
"1718200740",90,"Thunderbird"
"1718204340",185,"Thunderbird"
"1718207940",360,"Thunderbird"
"1718211540",524,"Thunderbird"
"1718215140",596,"Thunderbird"
"1718218740",586,"Thunderbird"
"1718222340",573,"Thunderbird"
"1718225940",574,"Thunderbird"
"1718229540",526,"Thunderbird"
"1718233140",416,"Thunderbird"
"1718236740",256,"Thunderbird"
"1718240340",115,"Thunderbird"
"1718243940",69,"Thunderbird"
"1718247540",43,"Thunderbird"
"1718251140",33,"Thunderbird"
"1718254740",18,"Thunderbird"
"1718258340",0,"Thunderbird"
"1718261940",0,"Thunderbird"
"1718265540",0,"Thunderbird"
"1718269140",0,"Thunderbird"
"1718272740",0,"Thunderbird"
"1718276340",0,"Thunderbird"
"1718279940",1,"Thunderbird"
"1718283540",18,"Thunderbird"
"1718287140",91,"Thunderbird"
"1718290740",176,"Thunderbird"
"1718294340",362,"Thunderbird"
"1718297940",479,"Thunderbird"
"1718301540",542,"Thunderbird"
"1718305140",559,"Thunderbird"
"1718308740",557,"Thunderbird"
"1718312340",554,"Thunderbird"
"1718315940",501,"Thunderbird"
"1718319540",390,"Thunderbird"
"1718323140",221,"Thunderbird"
"1718326740",103,"Thunderbird"
"1718330340",55,"Thunderbird"
"1718333940",29,"Thunderbird"
"1718337540",11,"Thunderbird"
"1718341140",5,"Thunderbird"
"1718344740",0,"Thunderbird"
"1718348340",0,"Thunderbird"
"1718351940",1,"Thunderbird"
"1718355540",0,"Thunderbird"
"1718359140",0,"Thunderbird"
"1718362740",0,"Thunderbird"
"1718366340",2,"Thunderbird"
"1718369940",15,"Thunderbird"
"1718373540",81,"Thunderbird"
"1718377140",155,"Thunderbird"
"1718380740",260,"Thunderbird"
"1718384340",352,"Thunderbird"
"1718387940",384,"Thunderbird"
"1718391540",392,"Thunderbird"
"1718395140",378,"Thunderbird"
"1718398740",380,"Thunderbird"
"1718402340",325,"Thunderbird"
"1718403420",300,"Thunderbird"
"1718431140",0,"Thunderbird"
"1718434740",0,"Thunderbird"
"1718438340",0,"Thunderbird"
"1718441940",0,"Thunderbird"
"1718445540",1,"Thunderbird"
"1718449140",1,"Thunderbird"
"1718452740",1,"Thunderbird"
"1718456340",1,"Thunderbird"
"1718459940",12,"Thunderbird"
"1718463540",12,"Thunderbird"
"1718467140",23,"Thunderbird"
"1718470740",38,"Thunderbird"
"1718474340",38,"Thunderbird"
"1718477940",30,"Thunderbird"
"1718481540",35,"Thunderbird"
"1718485140",31,"Thunderbird"
"1718488740",33,"Thunderbird"
"1718492340",30,"Thunderbird"
"1718495940",23,"Thunderbird"
"1718499540",24,"Thunderbird"
"1718503140",18,"Thunderbird"
"1718506740",10,"Thunderbird"
"1718510340",6,"Thunderbird"
"1718513940",2,"Thunderbird"
"1718517540",0,"Thunderbird"
"1718521140",0,"Thunderbird"
"1718524740",1,"Thunderbird"
"1718528340",1,"Thunderbird"
"1718531940",1,"Thunderbird"
"1718535540",1,"Thunderbird"
"1718539140",2,"Thunderbird"
"1718542740",2,"Thunderbird"
"1718546340",3,"Thunderbird"
"1718549940",3,"Thunderbird"
"1718553540",11,"Thunderbird"
"1718557140",17,"Thunderbird"
"1718560740",19,"Thunderbird"
"1718564340",19,"Thunderbird"
"1718567940",17,"Thunderbird"
"1718571540",15,"Thunderbird"
"1718575140",19,"Thunderbird"
"1718578740",18,"Thunderbird"
"1718582340",17,"Thunderbird"
"1718585940",15,"Thunderbird"
"1718589540",16,"Thunderbird"
"1718593140",12,"Thunderbird"
"1718596740",9,"Thunderbird"
"1718600340",8,"Thunderbird"
"1718603940",4,"Thunderbird"
"1718607540",5,"Thunderbird"
"1718611140",4,"Thunderbird"
"1718614740",5,"Thunderbird"
"1718618340",0,"Thunderbird"
"1718621940",0,"Thunderbird"
"1718625540",0,"Thunderbird"
"1718629140",13,"Thunderbird"
"1718632740",75,"Thunderbird"
"1718636340",156,"Thunderbird"
"1718639940",289,"Thunderbird"
"1718643540",411,"Thunderbird"
"1718647140",454,"Thunderbird"
"1718650740",459,"Thunderbird"
"1718654340",476,"Thunderbird"
"1718657940",474,"Thunderbird"
"1718661540",428,"Thunderbird"
"1718665140",345,"Thunderbird"
"1718668740",199,"Thunderbird"
"1718672340",91,"Thunderbird"
"1718675940",59,"Thunderbird"
"1718679540",35,"Thunderbird"
"1718683140",26,"Thunderbird"
"1718686740",12,"Thunderbird"
"1718690340",6,"Thunderbird"
"1718693940",1,"Thunderbird"
"1718697540",2,"Thunderbird"
"1718701140",2,"Thunderbird"
"1718704740",1,"Thunderbird"
"1718708340",2,"Thunderbird"
"1718711940",3,"Thunderbird"
"1718715540",17,"Thunderbird"
"1718719140",79,"Thunderbird"
"1718722740",181,"Thunderbird"
"1718726340",351,"Thunderbird"
"1718729940",495,"Thunderbird"
"1718733540",543,"Thunderbird"
"1718737140",541,"Thunderbird"
"1718740740",567,"Thunderbird"
"1718744340",552,"Thunderbird"
"1718747940",484,"Thunderbird"
"1718751540",397,"Thunderbird"
"1718755140",230,"Thunderbird"
"1718758740",122,"Thunderbird"
"1718762340",78,"Thunderbird"
"1718765940",57,"Thunderbird"
"1718769540",37,"Thunderbird"
"1718773140",26,"Thunderbird"
"1718776740",14,"Thunderbird"
"1718780340",2,"Thunderbird"
"1718783940",1,"Thunderbird"
"1718787540",0,"Thunderbird"
"1718791140",0,"Thunderbird"
"1718794740",0,"Thunderbird"
"1718798340",2,"Thunderbird"
"1718801940",22,"Thunderbird"
"1718805540",105,"Thunderbird"
"1718809140",191,"Thunderbird"
"1718812740",342,"Thunderbird"
"1718816340",481,"Thunderbird"
"1718819940",539,"Thunderbird"
"1718823540",556,"Thunderbird"
"1718827140",566,"Thunderbird"
"1718830740",568,"Thunderbird"
"1718834340",499,"Thunderbird"
"1718837940",395,"Thunderbird"
"1718841540",241,"Thunderbird"
"1718845140",98,"Thunderbird"
"1718848740",63,"Thunderbird"
"1718852340",42,"Thunderbird"
"1718855940",33,"Thunderbird"
"1718859540",12,"Thunderbird"
"1718863140",8,"Thunderbird"
"1718866740",0,"Thunderbird"
"1718870340",0,"Thunderbird"
"1718873940",2,"Thunderbird"
"1718877540",0,"Thunderbird"
"1718881140",0,"Thunderbird"
"1718884740",1,"Thunderbird"
"1718884800",1,"Thunderbird"
"1717160340",61,"University Lot Blvd"
"1717163940",63,"University Lot Blvd"
"1717167540",62,"University Lot Blvd"
"1717171140",68,"University Lot Blvd"
"1717174740",66,"University Lot Blvd"
"1717178340",81,"University Lot Blvd"
"1717181940",92,"University Lot Blvd"
"1717185540",61,"University Lot Blvd"
"1717189140",36,"University Lot Blvd"
"1717192740",18,"University Lot Blvd"
"1717196340",23,"University Lot Blvd"
"1717199940",19,"University Lot Blvd"
"1717203540",18,"University Lot Blvd"
"1717207140",16,"University Lot Blvd"
"1717210740",16,"University Lot Blvd"
"1717214340",16,"University Lot Blvd"
"1717217940",16,"University Lot Blvd"
"1717221540",16,"University Lot Blvd"
"1717225140",8,"University Lot Blvd"
"1717228740",16,"University Lot Blvd"
"1717232340",51,"University Lot Blvd"
"1717235940",68,"University Lot Blvd"
"1717239540",84,"University Lot Blvd"
"1717243140",86,"University Lot Blvd"
"1717246740",88,"University Lot Blvd"
"1717250340",91,"University Lot Blvd"
"1717253940",83,"University Lot Blvd"
"1717257540",70,"University Lot Blvd"
"1717261140",63,"University Lot Blvd"
"1717264740",56,"University Lot Blvd"
"1717268340",39,"University Lot Blvd"
"1717271940",20,"University Lot Blvd"
"1717275540",13,"University Lot Blvd"
"1717279140",5,"University Lot Blvd"
"1717282740",4,"University Lot Blvd"
"1717286340",2,"University Lot Blvd"
"1717289940",0,"University Lot Blvd"
"1717293540",2,"University Lot Blvd"
"1717297140",2,"University Lot Blvd"
"1717300740",1,"University Lot Blvd"
"1717304340",1,"University Lot Blvd"
"1717307940",1,"University Lot Blvd"
"1717311540",2,"University Lot Blvd"
"1717315140",9,"University Lot Blvd"
"1717318740",31,"University Lot Blvd"
"1717322340",77,"University Lot Blvd"
"1717325940",77,"University Lot Blvd"
"1717329540",72,"University Lot Blvd"
"1717333140",62,"University Lot Blvd"
"1717336740",41,"University Lot Blvd"
"1717340340",34,"University Lot Blvd"
"1717343940",40,"University Lot Blvd"
"1717347540",32,"University Lot Blvd"
"1717351140",25,"University Lot Blvd"
"1717354740",15,"University Lot Blvd"
"1717358340",12,"University Lot Blvd"
"1717361940",5,"University Lot Blvd"
"1717365540",3,"University Lot Blvd"
"1717369140",2,"University Lot Blvd"
"1717372740",2,"University Lot Blvd"
"1717376340",1,"University Lot Blvd"
"1717379940",1,"University Lot Blvd"
"1717383540",1,"University Lot Blvd"
"1717387140",0,"University Lot Blvd"
"1717390740",0,"University Lot Blvd"
"1717394340",1,"University Lot Blvd"
"1717397940",5,"University Lot Blvd"
"1717401540",5,"University Lot Blvd"
"1717405140",15,"University Lot Blvd"
"1717408740",25,"University Lot Blvd"
"1717412340",36,"University Lot Blvd"
"1717415940",45,"University Lot Blvd"
"1717419540",37,"University Lot Blvd"
"1717423140",32,"University Lot Blvd"
"1717426740",32,"University Lot Blvd"
"1717430340",45,"University Lot Blvd"
"1717433940",57,"University Lot Blvd"
"1717437540",53,"University Lot Blvd"
"1717441140",53,"University Lot Blvd"
"1717444740",34,"University Lot Blvd"
"1717448340",24,"University Lot Blvd"
"1717451940",12,"University Lot Blvd"
"1717455540",14,"University Lot Blvd"
"1717459140",14,"University Lot Blvd"
"1717462740",13,"University Lot Blvd"
"1717466340",13,"University Lot Blvd"
"1717469940",13,"University Lot Blvd"
"1717473540",15,"University Lot Blvd"
"1717477140",14,"University Lot Blvd"
"1717480740",16,"University Lot Blvd"
"1717484340",9,"University Lot Blvd"
"1717487940",10,"University Lot Blvd"
"1717491540",27,"University Lot Blvd"
"1717495140",50,"University Lot Blvd"
"1717498740",65,"University Lot Blvd"
"1717502340",65,"University Lot Blvd"
"1717505940",78,"University Lot Blvd"
"1717509540",71,"University Lot Blvd"
"1717513140",52,"University Lot Blvd"
"1717516740",37,"University Lot Blvd"
"1717520340",38,"University Lot Blvd"
"1717523940",43,"University Lot Blvd"
"1717527540",56,"University Lot Blvd"
"1717531140",51,"University Lot Blvd"
"1717534740",25,"University Lot Blvd"
"1717538340",12,"University Lot Blvd"
"1717541940",16,"University Lot Blvd"
"1717545540",16,"University Lot Blvd"
"1717549140",16,"University Lot Blvd"
"1717552740",14,"University Lot Blvd"
"1717556340",14,"University Lot Blvd"
"1717559940",14,"University Lot Blvd"
"1717563540",15,"University Lot Blvd"
"1717567140",15,"University Lot Blvd"
"1717570740",6,"University Lot Blvd"
"1717574340",8,"University Lot Blvd"
"1717577940",17,"University Lot Blvd"
"1717581540",26,"University Lot Blvd"
"1717585140",32,"University Lot Blvd"
"1717588740",37,"University Lot Blvd"
"1717592340",53,"University Lot Blvd"
"1717595940",61,"University Lot Blvd"
"1717599540",47,"University Lot Blvd"
"1717603140",42,"University Lot Blvd"
"1717606740",46,"University Lot Blvd"
"1717610340",42,"University Lot Blvd"
"1717613940",42,"University Lot Blvd"
"1717617540",38,"University Lot Blvd"
"1717621140",23,"University Lot Blvd"
"1717624740",20,"University Lot Blvd"
"1717628340",23,"University Lot Blvd"
"1717631940",20,"University Lot Blvd"
"1717635540",21,"University Lot Blvd"
"1717639140",17,"University Lot Blvd"
"1717642740",13,"University Lot Blvd"
"1717646340",12,"University Lot Blvd"
"1717649940",12,"University Lot Blvd"
"1717653540",14,"University Lot Blvd"
"1717657140",2,"University Lot Blvd"
"1717660740",8,"University Lot Blvd"
"1717664340",18,"University Lot Blvd"
"1717667940",31,"University Lot Blvd"
"1717671540",43,"University Lot Blvd"
"1717675140",48,"University Lot Blvd"
"1717678680",59,"University Lot Blvd"
"1717703940",60,"University Lot Blvd"
"1717707540",43,"University Lot Blvd"
"1717711140",40,"University Lot Blvd"
"1717714740",45,"University Lot Blvd"
"1717718340",58,"University Lot Blvd"
"1717721940",53,"University Lot Blvd"
"1717725540",51,"University Lot Blvd"
"1717729140",60,"University Lot Blvd"
"1717732740",51,"University Lot Blvd"
"1717736340",45,"University Lot Blvd"
"1717739940",41,"University Lot Blvd"
"1717743540",19,"University Lot Blvd"
"1717747140",20,"University Lot Blvd"
"1717750740",17,"University Lot Blvd"
"1717754340",17,"University Lot Blvd"
"1717757940",18,"University Lot Blvd"
"1717761540",18,"University Lot Blvd"
"1717765140",18,"University Lot Blvd"
"1717768740",9,"University Lot Blvd"
"1717772340",13,"University Lot Blvd"
"1717775940",23,"University Lot Blvd"
"1717779540",38,"University Lot Blvd"
"1717783140",42,"University Lot Blvd"
"1717786740",55,"University Lot Blvd"
"1717790340",45,"University Lot Blvd"
"1717793940",38,"University Lot Blvd"
"1717797540",30,"University Lot Blvd"
"1717801140",95,"University Lot Blvd"
"1717804740",119,"University Lot Blvd"
"1717808340",66,"University Lot Blvd"
"1717811940",50,"University Lot Blvd"
"1717815540",34,"University Lot Blvd"
"1717819140",26,"University Lot Blvd"
"1717822740",18,"University Lot Blvd"
"1717826340",25,"University Lot Blvd"
"1717829940",25,"University Lot Blvd"
"1717833540",22,"University Lot Blvd"
"1717837140",22,"University Lot Blvd"
"1717840740",21,"University Lot Blvd"
"1717844340",21,"University Lot Blvd"
"1717847940",22,"University Lot Blvd"
"1717851540",21,"University Lot Blvd"
"1717855140",10,"University Lot Blvd"
"1717858740",11,"University Lot Blvd"
"1717862340",20,"University Lot Blvd"
"1717865940",58,"University Lot Blvd"
"1717869540",91,"University Lot Blvd"
"1717873140",90,"University Lot Blvd"
"1717876740",43,"University Lot Blvd"
"1717880340",42,"University Lot Blvd"
"1717883940",51,"University Lot Blvd"
"1717887540",48,"University Lot Blvd"
"1717891140",43,"University Lot Blvd"
"1717894740",38,"University Lot Blvd"
"1717898340",30,"University Lot Blvd"
"1717901940",21,"University Lot Blvd"
"1717905540",14,"University Lot Blvd"
"1717909140",14,"University Lot Blvd"
"1717912740",14,"University Lot Blvd"
"1717916340",10,"University Lot Blvd"
"1717919940",10,"University Lot Blvd"
"1717923540",8,"University Lot Blvd"
"1717927140",7,"University Lot Blvd"
"1717930740",7,"University Lot Blvd"
"1717934340",7,"University Lot Blvd"
"1717937940",7,"University Lot Blvd"
"1717941540",8,"University Lot Blvd"
"1717945140",15,"University Lot Blvd"
"1717948740",45,"University Lot Blvd"
"1717952340",69,"University Lot Blvd"
"1717955940",89,"University Lot Blvd"
"1717959540",99,"University Lot Blvd"
"1717963140",115,"University Lot Blvd"
"1717966740",83,"University Lot Blvd"
"1717970340",88,"University Lot Blvd"
"1717973940",96,"University Lot Blvd"
"1717977540",95,"University Lot Blvd"
"1717981140",35,"University Lot Blvd"
"1717984740",47,"University Lot Blvd"
"1717988340",33,"University Lot Blvd"
"1717991940",20,"University Lot Blvd"
"1717995540",18,"University Lot Blvd"
"1717999140",14,"University Lot Blvd"
"1718002740",12,"University Lot Blvd"
"1718006340",11,"University Lot Blvd"
"1718009940",8,"University Lot Blvd"
"1718013540",8,"University Lot Blvd"
"1718017140",0,"University Lot Blvd"
"1718020740",0,"University Lot Blvd"
"1718024340",0,"University Lot Blvd"
"1718027940",1,"University Lot Blvd"
"1718031540",6,"University Lot Blvd"
"1718035140",11,"University Lot Blvd"
"1718038740",29,"University Lot Blvd"
"1718042340",32,"University Lot Blvd"
"1718045940",43,"University Lot Blvd"
"1718049540",42,"University Lot Blvd"
"1718053140",40,"University Lot Blvd"
"1718056740",31,"University Lot Blvd"
"1718060340",33,"University Lot Blvd"
"1718063940",44,"University Lot Blvd"
"1718067540",43,"University Lot Blvd"
"1718071140",43,"University Lot Blvd"
"1718074740",30,"University Lot Blvd"
"1718078340",21,"University Lot Blvd"
"1718081940",8,"University Lot Blvd"
"1718085540",17,"University Lot Blvd"
"1718089140",13,"University Lot Blvd"
"1718092740",11,"University Lot Blvd"
"1718096340",11,"University Lot Blvd"
"1718099940",11,"University Lot Blvd"
"1718103540",12,"University Lot Blvd"
"1718107140",12,"University Lot Blvd"
"1718110740",13,"University Lot Blvd"
"1718114340",5,"University Lot Blvd"
"1718117940",8,"University Lot Blvd"
"1718121540",23,"University Lot Blvd"
"1718125140",45,"University Lot Blvd"
"1718128740",53,"University Lot Blvd"
"1718132340",51,"University Lot Blvd"
"1718135940",56,"University Lot Blvd"
"1718139540",53,"University Lot Blvd"
"1718143140",46,"University Lot Blvd"
"1718146740",29,"University Lot Blvd"
"1718150340",39,"University Lot Blvd"
"1718153940",41,"University Lot Blvd"
"1718157540",73,"University Lot Blvd"
"1718161140",66,"University Lot Blvd"
"1718164740",40,"University Lot Blvd"
"1718168340",17,"University Lot Blvd"
"1718171940",16,"University Lot Blvd"
"1718175540",16,"University Lot Blvd"
"1718179140",13,"University Lot Blvd"
"1718182740",11,"University Lot Blvd"
"1718186340",11,"University Lot Blvd"
"1718189940",11,"University Lot Blvd"
"1718193540",11,"University Lot Blvd"
"1718197140",11,"University Lot Blvd"
"1718200740",0,"University Lot Blvd"
"1718204340",5,"University Lot Blvd"
"1718207940",10,"University Lot Blvd"
"1718211540",25,"University Lot Blvd"
"1718215140",32,"University Lot Blvd"
"1718218740",34,"University Lot Blvd"
"1718222340",38,"University Lot Blvd"
"1718225940",36,"University Lot Blvd"
"1718229540",32,"University Lot Blvd"
"1718233140",43,"University Lot Blvd"
"1718236740",39,"University Lot Blvd"
"1718240340",37,"University Lot Blvd"
"1718243940",41,"University Lot Blvd"
"1718247540",31,"University Lot Blvd"
"1718251140",20,"University Lot Blvd"
"1718254740",12,"University Lot Blvd"
"1718258340",19,"University Lot Blvd"
"1718261940",20,"University Lot Blvd"
"1718265540",18,"University Lot Blvd"
"1718269140",16,"University Lot Blvd"
"1718272740",14,"University Lot Blvd"
"1718276340",13,"University Lot Blvd"
"1718279940",14,"University Lot Blvd"
"1718283540",14,"University Lot Blvd"
"1718287140",1,"University Lot Blvd"
"1718290740",9,"University Lot Blvd"
"1718294340",18,"University Lot Blvd"
"1718297940",32,"University Lot Blvd"
"1718301540",38,"University Lot Blvd"
"1718305140",42,"University Lot Blvd"
"1718308740",47,"University Lot Blvd"
"1718312340",45,"University Lot Blvd"
"1718315940",37,"University Lot Blvd"
"1718319540",45,"University Lot Blvd"
"1718323140",60,"University Lot Blvd"
"1718326740",61,"University Lot Blvd"
"1718330340",62,"University Lot Blvd"
"1718333940",48,"University Lot Blvd"
"1718337540",34,"University Lot Blvd"
"1718341140",12,"University Lot Blvd"
"1718344740",19,"University Lot Blvd"
"1718348340",20,"University Lot Blvd"
"1718351940",17,"University Lot Blvd"
"1718355540",15,"University Lot Blvd"
"1718359140",15,"University Lot Blvd"
"1718362740",16,"University Lot Blvd"
"1718366340",16,"University Lot Blvd"
"1718369940",17,"University Lot Blvd"
"1718373540",4,"University Lot Blvd"
"1718377140",6,"University Lot Blvd"
"1718380740",15,"University Lot Blvd"
"1718384340",28,"University Lot Blvd"
"1718387940",35,"University Lot Blvd"
"1718391540",41,"University Lot Blvd"
"1718395140",46,"University Lot Blvd"
"1718398740",52,"University Lot Blvd"
"1718402340",46,"University Lot Blvd"
"1718403420",45,"University Lot Blvd"
"1718431140",22,"University Lot Blvd"
"1718434740",14,"University Lot Blvd"
"1718438340",13,"University Lot Blvd"
"1718441940",9,"University Lot Blvd"
"1718445540",9,"University Lot Blvd"
"1718449140",9,"University Lot Blvd"
"1718452740",9,"University Lot Blvd"
"1718456340",9,"University Lot Blvd"
"1718459940",2,"University Lot Blvd"
"1718463540",4,"University Lot Blvd"
"1718467140",15,"University Lot Blvd"
"1718470740",31,"University Lot Blvd"
"1718474340",45,"University Lot Blvd"
"1718477940",44,"University Lot Blvd"
"1718481540",46,"University Lot Blvd"
"1718485140",48,"University Lot Blvd"
"1718488740",56,"University Lot Blvd"
"1718492340",63,"University Lot Blvd"
"1718495940",55,"University Lot Blvd"
"1718499540",46,"University Lot Blvd"
"1718503140",40,"University Lot Blvd"
"1718506740",33,"University Lot Blvd"
"1718510340",22,"University Lot Blvd"
"1718513940",9,"University Lot Blvd"
"1718517540",5,"University Lot Blvd"
"1718521140",5,"University Lot Blvd"
"1718524740",3,"University Lot Blvd"
"1718528340",3,"University Lot Blvd"
"1718531940",3,"University Lot Blvd"
"1718535540",3,"University Lot Blvd"
"1718539140",2,"University Lot Blvd"
"1718542740",2,"University Lot Blvd"
"1718546340",3,"University Lot Blvd"
"1718549940",5,"University Lot Blvd"
"1718553540",16,"University Lot Blvd"
"1718557140",29,"University Lot Blvd"
"1718560740",41,"University Lot Blvd"
"1718564340",49,"University Lot Blvd"
"1718567940",35,"University Lot Blvd"
"1718571540",35,"University Lot Blvd"
"1718575140",27,"University Lot Blvd"
"1718578740",30,"University Lot Blvd"
"1718582340",33,"University Lot Blvd"
"1718585940",26,"University Lot Blvd"
"1718589540",38,"University Lot Blvd"
"1718593140",43,"University Lot Blvd"
"1718596740",33,"University Lot Blvd"
"1718600340",25,"University Lot Blvd"
"1718603940",7,"University Lot Blvd"
"1718607540",6,"University Lot Blvd"
"1718611140",3,"University Lot Blvd"
"1718614740",3,"University Lot Blvd"
"1718618340",3,"University Lot Blvd"
"1718621940",0,"University Lot Blvd"
"1718625540",0,"University Lot Blvd"
"1718629140",0,"University Lot Blvd"
"1718632740",6,"University Lot Blvd"
"1718636340",6,"University Lot Blvd"
"1718639940",12,"University Lot Blvd"
"1718643540",29,"University Lot Blvd"
"1718647140",45,"University Lot Blvd"
"1718650740",48,"University Lot Blvd"
"1718654340",46,"University Lot Blvd"
"1718657940",45,"University Lot Blvd"
"1718661540",39,"University Lot Blvd"
"1718665140",35,"University Lot Blvd"
"1718668740",39,"University Lot Blvd"
"1718672340",37,"University Lot Blvd"
"1718675940",39,"University Lot Blvd"
"1718679540",33,"University Lot Blvd"
"1718683140",21,"University Lot Blvd"
"1718686740",6,"University Lot Blvd"
"1718690340",8,"University Lot Blvd"
"1718693940",8,"University Lot Blvd"
"1718697540",7,"University Lot Blvd"
"1718701140",7,"University Lot Blvd"
"1718704740",7,"University Lot Blvd"
"1718708340",7,"University Lot Blvd"
"1718711940",8,"University Lot Blvd"
"1718715540",8,"University Lot Blvd"
"1718719140",6,"University Lot Blvd"
"1718722740",7,"University Lot Blvd"
"1718726340",31,"University Lot Blvd"
"1718729940",46,"University Lot Blvd"
"1718733540",56,"University Lot Blvd"
"1718737140",61,"University Lot Blvd"
"1718740740",56,"University Lot Blvd"
"1718744340",54,"University Lot Blvd"
"1718747940",43,"University Lot Blvd"
"1718751540",35,"University Lot Blvd"
"1718755140",41,"University Lot Blvd"
"1718758740",42,"University Lot Blvd"
"1718762340",38,"University Lot Blvd"
"1718765940",25,"University Lot Blvd"
"1718769540",12,"University Lot Blvd"
"1718773140",8,"University Lot Blvd"
"1718776740",16,"University Lot Blvd"
"1718780340",15,"University Lot Blvd"
"1718783940",15,"University Lot Blvd"
"1718787540",13,"University Lot Blvd"
"1718791140",13,"University Lot Blvd"
"1718794740",15,"University Lot Blvd"
"1718798340",15,"University Lot Blvd"
"1718801940",15,"University Lot Blvd"
"1718805540",6,"University Lot Blvd"
"1718809140",7,"University Lot Blvd"
"1718812740",22,"University Lot Blvd"
"1718816340",38,"University Lot Blvd"
"1718819940",47,"University Lot Blvd"
"1718823540",56,"University Lot Blvd"
"1718827140",66,"University Lot Blvd"
"1718830740",79,"University Lot Blvd"
"1718834340",54,"University Lot Blvd"
"1718837940",40,"University Lot Blvd"
"1718841540",47,"University Lot Blvd"
"1718845140",51,"University Lot Blvd"
"1718848740",51,"University Lot Blvd"
"1718852340",44,"University Lot Blvd"
"1718855940",29,"University Lot Blvd"
"1718859540",14,"University Lot Blvd"
"1718863140",18,"University Lot Blvd"
"1718866740",20,"University Lot Blvd"
"1718870340",23,"University Lot Blvd"
"1718873940",21,"University Lot Blvd"
"1718877540",15,"University Lot Blvd"
"1718881140",14,"University Lot Blvd"
"1718884740",15,"University Lot Blvd"
"1718884800",15,"University Lot Blvd"