stall_id,display_name,description,latitude,longitude,device_eui,linked_date,zone_id,zone_display_name
474,AL-07,,49.264741979084,-123.24488738335,70b3b514900b194d,2022-08-15 20:47:19,79,['ACU']
475,AL-06,,49.264723163192,-123.24494102753,70b3b514900b177c,2022-08-12 22:19:23,79,['ACU']
476,AL-05,,49.264703034555,-123.24499735109,70b3b514900b1a05,2022-08-12 22:18:31,79,['ACU']
477,AL-01,,49.264846560308,-123.2453949914,70b3b514900b15b4,2022-08-12 22:13:36,79,['ACU']
478,AL-02,,49.264865813731,-123.24533732391,70b3b514900b16de,2022-08-12 22:11:19,79,['ACU']
479,AL-03,,49.264889442922,-123.24526490426,70b3b514900b134a,2022-08-12 17:48:25,79,['ACU']
480,AL-04,,49.264906946018,-123.24520589567,70b3b514900b1597,2022-08-12 17:45:46,79,['ACU']
418,FP-01,,49.266378884324,-123.25798092014,70b3b514900b1810,2022-01-21 20:02:25,80,['Fraser River']
419,FP-02,,49.266404263046,-123.25791788822,70b3b514900b18bc,2022-01-21 19:58:23,80,['Fraser River']
1958,FP-1A,,49.266366632522,-123.25801176554,,,80,['Fraser River']
1959,FP-2A,,49.266390479776,-123.25794940418,,,80,['Fraser River']
418,FP-01,,49.266378884324,-123.25798092014,70b3b514900b1810,2022-01-21 20:02:25,81,['Fraser River - Level 2']
419,FP-02,,49.266404263046,-123.25791788822,70b3b514900b18bc,2022-01-21 19:58:23,81,['Fraser River - Level 2']
1958,FP-1A,,49.266366632522,-123.25801176554,,,81,['Fraser River - Level 2']
1959,FP-2A,,49.266390479776,-123.25794940418,,,81,['Fraser River - Level 2']
420,HP-04,,49.263186702426,-123.24740931646,70b3b514900b1960,2022-02-08 16:33:25,82,['Health Sciences']
421,HP-05,,49.263198079832,-123.24737780051,70b3b514900b1947,2022-02-07 22:57:50,82,['Health Sciences']
422,HP-03,,49.263231336851,-123.2474187042,70b3b514900b1996,2022-02-07 20:29:32,82,['Health Sciences']
423,HP-02,,49.263253216456,-123.24743613855,70b3b514900b1586,2022-02-07 20:19:02,82,['Health Sciences']
424,HP-01,,49.263271595317,-123.24745156126,70b3b514900b18ee,2022-02-07 19:53:14,82,['Health Sciences']
425,HP-10,,49.263185170852,-123.24721452104,70b3b514900b19e7,2022-02-07 22:19:10,82,['Health Sciences']
426,HP-09,,49.263204206127,-123.24723162012,70b3b514900b19b3,2022-02-07 22:26:02,82,['Health Sciences']
427,HP-08,,49.263222803803,-123.24724737809,70b3b514900b16c3,2022-02-07 19:57:46,82,['Health Sciences']
428,HP-07,,49.26324030749,-123.2472628008,70b3b514900b195d,2022-02-08 16:35:33,82,['Health Sciences']
429,HP-06,,49.263259342744,-123.24727788822,70b3b514900b19ab,2022-02-07 22:20:45,82,['Health Sciences']
420,HP-04,,49.263186702426,-123.24740931646,70b3b514900b1960,2022-02-08 16:33:25,83,['Health Sciences - Ground Level']
421,HP-05,,49.263198079832,-123.24737780051,70b3b514900b1947,2022-02-07 22:57:50,83,['Health Sciences - Ground Level']
422,HP-03,,49.263231336851,-123.2474187042,70b3b514900b1996,2022-02-07 20:29:32,83,['Health Sciences - Ground Level']
423,HP-02,,49.263253216456,-123.24743613855,70b3b514900b1586,2022-02-07 20:19:02,83,['Health Sciences - Ground Level']
424,HP-01,,49.263271595317,-123.24745156126,70b3b514900b18ee,2022-02-07 19:53:14,83,['Health Sciences - Ground Level']
425,HP-10,,49.263185170852,-123.24721452104,70b3b514900b19e7,2022-02-07 22:19:10,83,['Health Sciences - Ground Level']
426,HP-09,,49.263204206127,-123.24723162012,70b3b514900b19b3,2022-02-07 22:26:02,83,['Health Sciences - Ground Level']
427,HP-08,,49.263222803803,-123.24724737809,70b3b514900b16c3,2022-02-07 19:57:46,83,['Health Sciences - Ground Level']
428,HP-07,,49.26324030749,-123.2472628008,70b3b514900b195d,2022-02-08 16:35:33,83,['Health Sciences - Ground Level']
429,HP-06,,49.263259342744,-123.24727788822,70b3b514900b19ab,2022-02-07 22:20:45,83,['Health Sciences - Ground Level']
430,NL-01,,49.266005013052,-123.24946332391,70b3b514900b19ea,2022-08-12 17:30:44,84,['Nest']
431,NL-02,,49.265982697099,-123.24945024814,70b3b514900b19df,2022-08-12 15:22:24,84,['Nest']
432,NL-03,,49.26596059992,-123.24943516072,70b3b514900b1418,2022-08-12 15:19:28,84,['Nest']
433,NP-09,,49.268606389908,-123.25091924288,,,85,['North']
434,NP-08,,49.268595888838,-123.25095008829,70b3b514900b15fb,2021-12-10 23:37:10,85,['North']
435,NP-07,,49.268584512676,-123.2509822748,70b3b514900b1829,2021-12-13 23:56:38,85,['North']
436,NP-01,,49.269196196415,-123.25155894974,70b3b514900b15d5,2021-12-16 20:34:37,85,['North']
437,NP-02,,49.269211947828,-123.25151335219,70b3b514900b1697,2021-12-14 23:42:11,85,['North']
438,NP-03,,49.269226824157,-123.25146775463,70b3b514900b1963,2021-12-15 23:02:48,85,['North']
439,NP-04,,49.269247826026,-123.25140740493,70b3b514900b1973,2021-12-15 23:04:16,85,['North']
440,NP-05,,49.269262702345,-123.25136583069,70b3b514900b193c,2021-12-15 23:06:28,85,['North']
441,NP-06,,49.269278453736,-123.25132023314,70b3b514900b17b8,2021-12-15 23:09:19,85,['North']
442,NP-10,,49.268862790339,-123.25041364649,70b3b514900b15b8,2021-12-14 23:06:52,85,['North']
443,TP-01,,49.261680901688,-123.24391235218,70b3b514900b189a,2021-12-09 19:47:22,86,['TBird']
444,TP-02,,49.261698405923,-123.24386071966,70b3b514900b1695,2021-12-16 22:46:09,86,['TBird']
445,TP-03,,49.261717222969,-123.24380707548,70b3b514900b1837,2021-12-10 19:41:51,86,['TBird']
446,TP-04,,49.261736040007,-123.24375678406,70b3b514900b186d,2024-03-08 21:33:25,86,['TBird']
447,TP-05,,49.261754419433,-123.24370313988,70b3b514900b160c,2021-12-21 22:19:56,86,['TBird']
448,TP-08,,49.261797304734,-123.24331958399,70b3b514900b1948,2021-12-10 17:41:35,86,['TBird']
449,TP-07,,49.261785927005,-123.2433517705,70b3b514900b197a,2021-12-10 17:01:44,86,['TBird']
450,TP-06,,49.261773674063,-123.24338663922,70b3b514900b189e,2021-12-10 17:29:21,86,['TBird']
451,TP-09,,49.261518112006,-123.24251492129,70b3b514900b17f5,2021-12-15 16:18:33,86,['TBird']
452,TP-10,,49.261535616299,-123.24246395932,70b3b514900b1855,2021-12-10 19:32:52,86,['TBird']
453,TP-11,,49.261589004353,-123.24231643782,70b3b514900b168a,2021-12-10 19:09:04,86,['TBird']
454,TP-12,,49.261607383834,-123.24226279364,70b3b514900b1ac7,2021-12-10 19:55:47,86,['TBird']
455,TP-13,,49.261627513733,-123.24221272101,70b3b514900b15ea,2021-12-10 20:09:10,86,['TBird']
456,TP-14,,49.261850692505,-123.24221585498,70b3b514900b1828,2022-01-19 15:26:23,86,['TBird']
457,TP-15,,49.261882200015,-123.24224133597,70b3b514900b1873,2023-11-09 22:12:16,86,['TBird']
1953,TB1-1,,49.261739540851,-123.24212528376,,,86,['TBird']
1954,TB1-2,,49.261723787053,-123.24226547585,,,86,['TBird']
1955,TB1-3,,49.261706282827,-123.24231844948,,,86,['TBird']
1956,TB1-4,,49.261688340989,-123.24237028336,,,86,['TBird']
1957,TB1-5,,49.261499294885,-123.24256655381,,,86,['TBird']
3461,New-19,,49.261740853667,-123.24347246991,70b3b514900b1763,2022-09-16 19:02:54,86,['TBird']
3462,New-20,,49.26180955767,-123.24328337417,70b3b514900b1402,2022-09-16 20:00:49,86,['TBird']
443,TP-01,,49.261680901688,-123.24391235218,70b3b514900b189a,2021-12-09 19:47:22,87,['TBird - Level 1']
444,TP-02,,49.261698405923,-123.24386071966,70b3b514900b1695,2021-12-16 22:46:09,87,['TBird - Level 1']
445,TP-03,,49.261717222969,-123.24380707548,70b3b514900b1837,2021-12-10 19:41:51,87,['TBird - Level 1']
446,TP-04,,49.261736040007,-123.24375678406,70b3b514900b186d,2024-03-08 21:33:25,87,['TBird - Level 1']
447,TP-05,,49.261754419433,-123.24370313988,70b3b514900b160c,2021-12-21 22:19:56,87,['TBird - Level 1']
448,TP-08,,49.261797304734,-123.24331958399,70b3b514900b1948,2021-12-10 17:41:35,87,['TBird - Level 1']
449,TP-07,,49.261785927005,-123.2433517705,70b3b514900b197a,2021-12-10 17:01:44,87,['TBird - Level 1']
450,TP-06,,49.261773674063,-123.24338663922,70b3b514900b189e,2021-12-10 17:29:21,87,['TBird - Level 1']
451,TP-09,,49.261518112006,-123.24251492129,70b3b514900b17f5,2021-12-15 16:18:33,87,['TBird - Level 1']
452,TP-10,,49.261535616299,-123.24246395932,70b3b514900b1855,2021-12-10 19:32:52,87,['TBird - Level 1']
453,TP-11,,49.261589004353,-123.24231643782,70b3b514900b168a,2021-12-10 19:09:04,87,['TBird - Level 1']
454,TP-12,,49.261607383834,-123.24226279364,70b3b514900b1ac7,2021-12-10 19:55:47,87,['TBird - Level 1']
455,TP-13,,49.261627513733,-123.24221272101,70b3b514900b15ea,2021-12-10 20:09:10,87,['TBird - Level 1']
456,TP-14,,49.261850692505,-123.24221585498,70b3b514900b1828,2022-01-19 15:26:23,87,['TBird - Level 1']
457,TP-15,,49.261882200015,-123.24224133597,70b3b514900b1873,2023-11-09 22:12:16,87,['TBird - Level 1']
1953,TB1-1,,49.261739540851,-123.24212528376,,,87,['TBird - Level 1']
1954,TB1-2,,49.261723787053,-123.24226547585,,,87,['TBird - Level 1']
1955,TB1-3,,49.261706282827,-123.24231844948,,,87,['TBird - Level 1']
1956,TB1-4,,49.261688340989,-123.24237028336,,,87,['TBird - Level 1']
1957,TB1-5,,49.261499294885,-123.24256655381,,,87,['TBird - Level 1']
3461,New-19,,49.261740853667,-123.24347246991,70b3b514900b1763,2022-09-16 19:02:54,87,['TBird - Level 1']
3462,New-20,,49.26180955767,-123.24328337417,70b3b514900b1402,2022-09-16 20:00:49,87,['TBird - Level 1']
458,UL-06,,49.266282456489,-123.24867774471,70b3b514900b16e3,2022-02-04 23:45:20,88,['University Boulevard']
459,UL-05,,49.26628770727,-123.24863617047,70b3b514900b18be,2022-02-04 23:48:05,88,['University Boulevard']
460,UL-04,,49.26708450688,-123.24895401223,70b3b514900b189b,2022-02-01 16:31:21,88,['University Boulevard']
461,UL-03,,49.267109010124,-123.24897546991,70b3b514900b18c4,2022-01-31 23:12:24,88,['University Boulevard']
462,UL-02,,49.267156266345,-123.24914444907,70b3b514900b1903,2022-01-31 23:10:36,88,['University Boulevard']
463,UL-01,,49.267142702064,-123.24918401166,70b3b514900b17bf,2022-01-31 23:08:22,88,['University Boulevard']
512,UBRD01,Accessible stall on UBRD,49.267169341491,-123.24910801039,,,88,['University Boulevard']
464,WP-01,,49.262688513191,-123.25555738831,70b3b514900b193b,2022-01-21 20:04:06,89,['West']
465,WP-02,,49.262667508529,-123.25554330671,70b3b514900b16a3,2022-01-21 20:05:07,89,['West']
466,WP-03,,49.262135387463,-123.25504039252,70b3b514900b188a,2022-01-21 20:06:06,89,['West']
467,WP-04,,49.262145889908,-123.25500820601,70b3b514900b1700,2022-01-21 20:07:22,89,['West']
468,WP-10,,49.262524851636,-123.25442088314,70b3b514900b196b,2022-01-21 20:14:26,89,['West']
469,WP-09,,49.2625600783,-123.25445030654,70b3b514900b17cd,2022-05-26 21:49:31,89,['West']
470,WP-08,,49.262947569944,-123.25476881886,70b3b514900b1730,2022-01-21 20:11:51,89,['West']
471,WP-07,,49.262979076754,-123.2547963115,70b3b514900b1770,2024-01-05 17:02:57,89,['West']
472,WP-06,,49.263060906846,-123.25495405726,70b3b514900b17a6,2022-05-26 21:56:04,89,['West']
473,WP-05,,49.263051279783,-123.25498473668,70b3b514900b178d,2022-05-30 17:35:54,89,['West']
1938,W4-3,,49.262914531531,-123.25474266732,,,89,['West']
1939,W4-4,,49.262882587085,-123.2547148394,,,89,['West']
1940,W4-5,,49.262850861416,-123.25468868786,,,89,['West']
1941,W4-6,,49.262818916929,-123.2546628716,,,89,['West']
1942,W4-7,,49.262785878431,-123.25463537896,,,89,['West']
1943,W4-8,,49.262753277506,-123.25460889214,,,89,['West']
1944,W4-9,,49.262721551755,-123.25458240533,,,89,['West']
1945,W4-10,,49.262688950788,-123.25455591852,,,89,['West']
1946,W4-11,,49.262656568598,-123.25453010226,,,89,['West']
1947,W4-12,,49.262625061583,-123.25450227434,,,89,['West']
1948,W4-13,,49.26259289815,-123.2544761228,,,89,['West']
1949,W4-16,,49.262930066152,-123.2549733373,,,89,['West']
1950,W4-17,,49.262888057026,-123.25493980968,,,89,['West']
1951,W4-33,,49.262487218153,-123.25460721577,,,89,['West']
1952,W4-34,,49.26244520865,-123.25457234705,,,89,['West']
464,WP-01,,49.262688513191,-123.25555738831,70b3b514900b193b,2022-01-21 20:04:06,90,['West - Level 1']
465,WP-02,,49.262667508529,-123.25554330671,70b3b514900b16a3,2022-01-21 20:05:07,90,['West - Level 1']
466,WP-03,,49.262135387463,-123.25504039252,70b3b514900b188a,2022-01-21 20:06:06,90,['West - Level 1']
467,WP-04,,49.262145889908,-123.25500820601,70b3b514900b1700,2022-01-21 20:07:22,90,['West - Level 1']
468,WP-10,,49.262524851636,-123.25442088314,70b3b514900b196b,2022-01-21 20:14:26,91,['West - Level 4']
469,WP-09,,49.2625600783,-123.25445030654,70b3b514900b17cd,2022-05-26 21:49:31,91,['West - Level 4']
470,WP-08,,49.262947569944,-123.25476881886,70b3b514900b1730,2022-01-21 20:11:51,91,['West - Level 4']
471,WP-07,,49.262979076754,-123.2547963115,70b3b514900b1770,2024-01-05 17:02:57,91,['West - Level 4']
472,WP-06,,49.263060906846,-123.25495405726,70b3b514900b17a6,2022-05-26 21:56:04,91,['West - Level 4']
473,WP-05,,49.263051279783,-123.25498473668,70b3b514900b178d,2022-05-30 17:35:54,91,['West - Level 4']
1938,W4-3,,49.262914531531,-123.25474266732,,,91,['West - Level 4']
1939,W4-4,,49.262882587085,-123.2547148394,,,91,['West - Level 4']
1940,W4-5,,49.262850861416,-123.25468868786,,,91,['West - Level 4']
1941,W4-6,,49.262818916929,-123.2546628716,,,91,['West - Level 4']
1942,W4-7,,49.262785878431,-123.25463537896,,,91,['West - Level 4']
1943,W4-8,,49.262753277506,-123.25460889214,,,91,['West - Level 4']
1944,W4-9,,49.262721551755,-123.25458240533,,,91,['West - Level 4']
1945,W4-10,,49.262688950788,-123.25455591852,,,91,['West - Level 4']
1946,W4-11,,49.262656568598,-123.25453010226,,,91,['West - Level 4']
1947,W4-12,,49.262625061583,-123.25450227434,,,91,['West - Level 4']
1948,W4-13,,49.26259289815,-123.2544761228,,,91,['West - Level 4']
1949,W4-16,,49.262930066152,-123.2549733373,,,91,['West - Level 4']
1950,W4-17,,49.262888057026,-123.25493980968,,,91,['West - Level 4']
1951,W4-33,,49.262487218153,-123.25460721577,,,91,['West - Level 4']
1952,W4-34,,49.26244520865,-123.25457234705,,,91,['West - Level 4']
513,TBirdCr01,Accessible stall on Thunderbird Crescent,49.2622297289,-123.24751248642,,,92,['UBC-South At Large']
500,FL-01,,49.260024157281,-123.24934021861,70b3b514900b13f3,2022-08-10 21:49:44,92,['UBC-South At Large']
501,TR-01,,49.259877116527,-123.24801700277,70b3b514900b1a09,2022-08-11 15:41:16,92,['UBC-South At Large']
507,AR-01,,49.262642809725,-123.2368274363,70b3b514900b1348,2022-09-02 19:36:26,92,['UBC-South At Large']
3437,New-07,,49.254552077118,-123.25148816694,70b3b514900b1341,2022-09-15 20:50:01,92,['UBC-South At Large']
3438,New-08,,49.254578144045,-123.25152571786,70b3b514900b1427,2022-09-15 20:48:23,92,['UBC-South At Large']
481,Cecil Green 2,,49.270880331119,-123.25727555237,,,161,['UBC-North']
482,ML-01,,49.268841975033,-123.25892688794,70b3b514900b1377,2022-08-08 20:43:51,161,['UBC-North']
483,ML-02,,49.268907056755,-123.25892037521,70b3b514900b137c,2022-08-08 20:42:10,161,['UBC-North']
484,ML-03,,49.268965397917,-123.25885419535,70b3b514900b195a,2022-08-08 20:39:37,161,['UBC-North']
485,CL-03,,49.268624403898,-123.25666286294,70b3b514900b13a5,2022-08-11 17:23:51,161,['UBC-North']
486,CL-02,,49.268613027743,-123.25670065445,70b3b514900b13db,2022-08-11 17:01:44,161,['UBC-North']
487,CL-01,,49.26859727614,-123.25675429863,70b3b514900b14e7,2022-09-02 18:39:42,161,['UBC-North']
488,Law 1,,49.26939272584,-123.25229244395,70b3b514900b17e0,2023-09-14 15:54:57,161,['UBC-North']
489,Law 2,,49.269432979278,-123.25232328933,70b3b514900b17c0,2023-09-14 15:52:47,161,['UBC-North']
490,DL-01,,49.26732487999,-123.25709762139,70b3b514900b190a,2022-08-08 20:51:43,161,['UBC-North']
515,Cecil Green 1,,49.270886044672,-123.25733940591,,,161,['UBC-North']
3436,New-06,,49.266927492897,-123.25679359836,70b3b514900b1474,2022-09-15 20:46:02,161,['UBC-North']
3439,New-09,,49.270846994526,-123.25041396422,70b3b514900b133c,2022-09-15 20:53:36,161,['UBC-North']
3440,New-10,,49.270413843208,-123.25076131029,70b3b514900b147e,2022-09-15 20:55:45,161,['UBC-North']
3441,New-11,,49.267825356666,-123.25931487483,70b3b514900b14f2,2022-09-22 20:49:32,161,['UBC-North']
4897,Law-3,,49.269557064899,-123.25242674373,70b3b514900b17e1,2023-09-14 16:03:27,161,['UBC-North']
4898,Law-4,,49.26960081849,-123.25246496521,70b3b514900b19e1,2023-09-14 15:57:01,161,['UBC-North']
491,FR-03,,49.264844750817,-123.25565459294,,,161,['UBC-North']
492,FR-02,,49.264892884362,-123.25569616718,70b3b514900b1958,2022-08-11 16:11:49,161,['UBC-North']
493,FR-01,,49.264944518476,-123.25574035618,,,161,['UBC-North']
494,BR-01,,49.265150179242,-123.25010242028,70b3b514900b17d7,2022-08-11 18:41:45,161,['UBC-North']
495,BR-02,,49.264688097682,-123.24973629875,70b3b514900b13e5,2022-08-11 18:39:07,161,['UBC-North']
496,UR-01,,49.266160092435,-123.24730547447,70b3b514900b15ae,2022-08-12 17:18:21,161,['UBC-North']
498,MR-01,,49.261975031542,-123.25543331069,70b3b514900b1333,2023-05-03 18:47:00,161,['UBC-North']
499,MR-02,,49.261944399298,-123.25540648861,70b3b514900b1314,2022-08-10 21:42:22,161,['UBC-North']
3432,New-02,,49.263921705864,-123.25051681874,70b3b514900b146b,2022-09-15 15:26:19,161,['UBC-North']
3442,New-12,,49.262269353163,-123.25783522604,70b3b514900b142c,2022-09-15 21:00:39,161,['UBC-North']
3454,New-16,,49.264828375892,-123.25779901622,70b3b514900b1374,2022-09-20 22:03:12,161,['UBC-North']
3455,New-17,,49.264841503231,-123.25775207756,70b3b514900b14ea,2022-09-15 21:40:06,161,['UBC-North']
3456,New-18,,49.264915016267,-123.25675831912,70b3b514900b1383,2022-09-15 21:41:46,161,['UBC-North']
3457,New-01,,49.26345786244,-123.25301931975,70b3b514900b132f,2022-09-15 15:22:27,161,['UBC-North']
3458,New-03,,49.265851422742,-123.24599729655,70b3b514900b291e,2024-03-08 21:23:40,161,['UBC-North']
3459,New-04,,49.265875926598,-123.24588512236,70b3b514900b17cc,2022-09-16 19:17:02,161,['UBC-North']
3460,New-05,,49.265819917766,-123.24572418982,70b3b514900b170c,2024-03-08 21:25:36,161,['UBC-North']
513,TBirdCr01,Accessible stall on Thunderbird Crescent,49.2622297289,-123.24751248642,,,162,['UBC-South']
500,FL-01,,49.260024157281,-123.24934021861,70b3b514900b13f3,2022-08-10 21:49:44,162,['UBC-South']
501,TR-01,,49.259877116527,-123.24801700277,70b3b514900b1a09,2022-08-11 15:41:16,162,['UBC-South']
507,AR-01,,49.262642809725,-123.2368274363,70b3b514900b1348,2022-09-02 19:36:26,162,['UBC-South']
3437,New-07,,49.254552077118,-123.25148816694,70b3b514900b1341,2022-09-15 20:50:01,162,['UBC-South']
3438,New-08,,49.254578144045,-123.25152571786,70b3b514900b1427,2022-09-15 20:48:23,162,['UBC-South']
509,SL-01,,49.255023650516,-123.24442874235,70b3b514900b1830,2022-06-23 21:47:28,162,['UBC-South']
510,SL-04,,49.254771554843,-123.24421094818,70b3b514900b133e,2022-06-24 21:11:26,162,['UBC-South']
511,SL-03,,49.254807443541,-123.24423240585,70b3b514900b13d6,2022-06-24 15:49:56,162,['UBC-South']
514,SL-02,,49.254992370332,-123.24439238299,70b3b514900b196c,2022-06-24 21:08:35,162,['UBC-South']
502,OL-01,,49.260744475601,-123.24343578977,70b3b514900b1486,2023-05-03 18:19:06,162,['UBC-South']
503,OL-02,,49.260718218739,-123.24341030879,70b3b514900b156f,2022-08-11 19:55:08,162,['UBC-South']
504,OL-03,,49.260697213239,-123.2433925044,70b3b514900b16e7,2022-08-11 21:05:58,162,['UBC-South']
505,OL-04,,49.260668330662,-123.24336873455,70b3b514900b157f,2022-08-11 21:09:18,162,['UBC-South']
506,OL-05,,49.260648200371,-123.24335130019,70b3b514900b15ac,2022-08-11 20:06:55,162,['UBC-South']
3451,New-13,,49.259778332867,-123.24408109187,70b3b514900b131b,2022-09-20 20:43:04,162,['UBC-South']
3452,New-14,,49.259745948768,-123.24405426978,70b3b514900b1485,2022-09-14 22:50:26,162,['UBC-South']
3453,New-15,,49.259724067607,-123.24403683542,70b3b514900b130b,2022-09-14 22:52:55,162,['UBC-South']
481,Cecil Green 2,,49.270880331119,-123.25727555237,,,164,['UBC-North Upper']
482,ML-01,,49.268841975033,-123.25892688794,70b3b514900b1377,2022-08-08 20:43:51,164,['UBC-North Upper']
483,ML-02,,49.268907056755,-123.25892037521,70b3b514900b137c,2022-08-08 20:42:10,164,['UBC-North Upper']
484,ML-03,,49.268965397917,-123.25885419535,70b3b514900b195a,2022-08-08 20:39:37,164,['UBC-North Upper']
485,CL-03,,49.268624403898,-123.25666286294,70b3b514900b13a5,2022-08-11 17:23:51,164,['UBC-North Upper']
486,CL-02,,49.268613027743,-123.25670065445,70b3b514900b13db,2022-08-11 17:01:44,164,['UBC-North Upper']
487,CL-01,,49.26859727614,-123.25675429863,70b3b514900b14e7,2022-09-02 18:39:42,164,['UBC-North Upper']
488,Law 1,,49.26939272584,-123.25229244395,70b3b514900b17e0,2023-09-14 15:54:57,164,['UBC-North Upper']
489,Law 2,,49.269432979278,-123.25232328933,70b3b514900b17c0,2023-09-14 15:52:47,164,['UBC-North Upper']
490,DL-01,,49.26732487999,-123.25709762139,70b3b514900b190a,2022-08-08 20:51:43,164,['UBC-North Upper']
515,Cecil Green 1,,49.270886044672,-123.25733940591,,,164,['UBC-North Upper']
3436,New-06,,49.266927492897,-123.25679359836,70b3b514900b1474,2022-09-15 20:46:02,164,['UBC-North Upper']
3439,New-09,,49.270846994526,-123.25041396422,70b3b514900b133c,2022-09-15 20:53:36,164,['UBC-North Upper']
3440,New-10,,49.270413843208,-123.25076131029,70b3b514900b147e,2022-09-15 20:55:45,164,['UBC-North Upper']
3441,New-11,,49.267825356666,-123.25931487483,70b3b514900b14f2,2022-09-22 20:49:32,164,['UBC-North Upper']
4897,Law-3,,49.269557064899,-123.25242674373,70b3b514900b17e1,2023-09-14 16:03:27,164,['UBC-North Upper']
4898,Law-4,,49.26960081849,-123.25246496521,70b3b514900b19e1,2023-09-14 15:57:01,164,['UBC-North Upper']
491,FR-03,,49.264844750817,-123.25565459294,,,165,['UBC-North Lower']
492,FR-02,,49.264892884362,-123.25569616718,70b3b514900b1958,2022-08-11 16:11:49,165,['UBC-North Lower']
493,FR-01,,49.264944518476,-123.25574035618,,,165,['UBC-North Lower']
494,BR-01,,49.265150179242,-123.25010242028,70b3b514900b17d7,2022-08-11 18:41:45,165,['UBC-North Lower']
495,BR-02,,49.264688097682,-123.24973629875,70b3b514900b13e5,2022-08-11 18:39:07,165,['UBC-North Lower']
496,UR-01,,49.266160092435,-123.24730547447,70b3b514900b15ae,2022-08-12 17:18:21,165,['UBC-North Lower']
498,MR-01,,49.261975031542,-123.25543331069,70b3b514900b1333,2023-05-03 18:47:00,165,['UBC-North Lower']
499,MR-02,,49.261944399298,-123.25540648861,70b3b514900b1314,2022-08-10 21:42:22,165,['UBC-North Lower']
3432,New-02,,49.263921705864,-123.25051681874,70b3b514900b146b,2022-09-15 15:26:19,165,['UBC-North Lower']
3442,New-12,,49.262269353163,-123.25783522604,70b3b514900b142c,2022-09-15 21:00:39,165,['UBC-North Lower']
3454,New-16,,49.264828375892,-123.25779901622,70b3b514900b1374,2022-09-20 22:03:12,165,['UBC-North Lower']
3455,New-17,,49.264841503231,-123.25775207756,70b3b514900b14ea,2022-09-15 21:40:06,165,['UBC-North Lower']
3456,New-18,,49.264915016267,-123.25675831912,70b3b514900b1383,2022-09-15 21:41:46,165,['UBC-North Lower']
3457,New-01,,49.26345786244,-123.25301931975,70b3b514900b132f,2022-09-15 15:22:27,165,['UBC-North Lower']
3458,New-03,,49.265851422742,-123.24599729655,70b3b514900b291e,2024-03-08 21:23:40,165,['UBC-North Lower']
3459,New-04,,49.265875926598,-123.24588512236,70b3b514900b17cc,2022-09-16 19:17:02,165,['UBC-North Lower']
3460,New-05,,49.265819917766,-123.24572418982,70b3b514900b170c,2024-03-08 21:25:36,165,['UBC-North Lower']
509,SL-01,,49.255023650516,-123.24442874235,70b3b514900b1830,2022-06-23 21:47:28,166,['Stadium']
510,SL-04,,49.254771554843,-123.24421094818,70b3b514900b133e,2022-06-24 21:11:26,166,['Stadium']
511,SL-03,,49.254807443541,-123.24423240585,70b3b514900b13d6,2022-06-24 15:49:56,166,['Stadium']
514,SL-02,,49.254992370332,-123.24439238299,70b3b514900b196c,2022-06-24 21:08:35,166,['Stadium']
502,OL-01,,49.260744475601,-123.24343578977,70b3b514900b1486,2023-05-03 18:19:06,167,['Osborne']
503,OL-02,,49.260718218739,-123.24341030879,70b3b514900b156f,2022-08-11 19:55:08,167,['Osborne']
504,OL-03,,49.260697213239,-123.2433925044,70b3b514900b16e7,2022-08-11 21:05:58,167,['Osborne']
505,OL-04,,49.260668330662,-123.24336873455,70b3b514900b157f,2022-08-11 21:09:18,167,['Osborne']
506,OL-05,,49.260648200371,-123.24335130019,70b3b514900b15ac,2022-08-11 20:06:55,167,['Osborne']
3451,New-13,,49.259778332867,-123.24408109187,70b3b514900b131b,2022-09-20 20:43:04,167,['Osborne']
3452,New-14,,49.259745948768,-123.24405426978,70b3b514900b1485,2022-09-14 22:50:26,167,['Osborne']
3453,New-15,,49.259724067607,-123.24403683542,70b3b514900b130b,2022-09-14 22:52:55,167,['Osborne']
2005,CG-1,,49.270857610913,-123.25734382837,70b3b514900b1327,2022-06-24 16:11:53,171,['Cecil Green']
2006,CG-2,,49.270854110716,-123.25728213757,70b3b514900b14e9,2022-06-24 16:14:00,171,['Cecil Green']
2007,CG-3,,49.270473462844,-123.25634604662,70b3b514900b12ff,2022-08-08 20:23:47,171,['Cecil Green']
2008,CG-4,,49.271078122802,-123.25682213873,70b3b514900b13ad,2022-08-08 20:15:01,171,['Cecil Green']
2009,RG3-1,,49.26952965809,-123.25633229448,70b3b514900b1a8d,2022-02-17 18:57:02,172,['Rose Garden']
2010,RG3-2,,49.269223381697,-123.25606675578,70b3b514900b1665,2023-06-16 16:20:10,172,['Rose Garden']
2011,RG3-3,,49.26919450411,-123.25603591038,70b3b514900b1305,2023-06-16 16:20:09,172,['Rose Garden']
2012,RG5-1,,49.269104370928,-123.25646104051,70b3b514900b165a,2022-02-17 19:01:46,172,['Rose Garden']
2013,RG5-2,,49.26912099745,-123.25641410185,70b3b514900b163e,2022-02-17 19:06:24,172,['Rose Garden']
2014,RG5-3,,49.269137623966,-123.25636582209,70b3b514900b1a80,2022-02-17 19:07:58,172,['Rose Garden']
2015,RG5-4,,49.269157750794,-123.25631486012,70b3b514900b159c,2022-02-17 19:09:58,172,['Rose Garden']
2016,RG5-5,,49.269173502218,-123.25627060367,70b3b514900b1a39,2022-02-17 19:11:46,172,['Rose Garden']
2017,RG5-6,,49.269190128717,-123.25622232391,70b3b514900b1a77,2022-02-17 19:16:21,172,['Rose Garden']
2018,RG5-7,,49.269085119159,-123.25602920486,70b3b514900b1660,2022-02-17 19:43:19,172,['Rose Garden']
2019,RG5-8,,49.269049240842,-123.25599701835,70b3b514900b167d,2022-02-17 19:48:45,172,['Rose Garden']
2020,RG5-9,,49.269013362499,-123.25596751405,70b3b514900b1a8b,2022-02-17 19:50:08,172,['Rose Garden']
2009,RG3-1,,49.26952965809,-123.25633229448,70b3b514900b1a8d,2022-02-17 18:57:02,173,['Rose Garden - Level 3']
2010,RG3-2,,49.269223381697,-123.25606675578,70b3b514900b1665,2023-06-16 16:20:10,173,['Rose Garden - Level 3']
2011,RG3-3,,49.26919450411,-123.25603591038,70b3b514900b1305,2023-06-16 16:20:09,173,['Rose Garden - Level 3']
2012,RG5-1,,49.269104370928,-123.25646104051,70b3b514900b165a,2022-02-17 19:01:46,174,['Rose Garden - Level 5']
2013,RG5-2,,49.26912099745,-123.25641410185,70b3b514900b163e,2022-02-17 19:06:24,174,['Rose Garden - Level 5']
2014,RG5-3,,49.269137623966,-123.25636582209,70b3b514900b1a80,2022-02-17 19:07:58,174,['Rose Garden - Level 5']
2015,RG5-4,,49.269157750794,-123.25631486012,70b3b514900b159c,2022-02-17 19:09:58,174,['Rose Garden - Level 5']
2016,RG5-5,,49.269173502218,-123.25627060367,70b3b514900b1a39,2022-02-17 19:11:46,174,['Rose Garden - Level 5']
2017,RG5-6,,49.269190128717,-123.25622232391,70b3b514900b1a77,2022-02-17 19:16:21,174,['Rose Garden - Level 5']
2018,RG5-7,,49.269085119159,-123.25602920486,70b3b514900b1660,2022-02-17 19:43:19,174,['Rose Garden - Level 5']
2019,RG5-8,,49.269049240842,-123.25599701835,70b3b514900b167d,2022-02-17 19:48:45,174,['Rose Garden - Level 5']
2020,RG5-9,,49.269013362499,-123.25596751405,70b3b514900b1a8b,2022-02-17 19:50:08,174,['Rose Garden - Level 5']
2069,BM-01,,49.26958865018,-123.25387599388,,,185,['Buchannan Meters']
2070,BM-02,,49.269555397447,-123.2538505129,,,185,['Buchannan Meters']
2071,BM-03,,49.269524769909,-123.2538223497,,,185,['Buchannan Meters']
2072,BM-04,,49.269493267279,-123.25379686872,,,185,['Buchannan Meters']
2073,BM-05,,49.269460889554,-123.25376870552,,,185,['Buchannan Meters']
2074,BM-06,,49.269430261958,-123.25374456564,,,185,['Buchannan Meters']
2075,BM-07,,49.269396134042,-123.25371774355,,,185,['Buchannan Meters']
2076,BM-08,,49.269363756254,-123.25369226257,,,185,['Buchannan Meters']
2077,BM-09,,49.269333128598,-123.25366678158,,,185,['Buchannan Meters']
2078,BM-10,,49.269301625845,-123.25364130059,,,185,['Buchannan Meters']
2079,BM-11,,49.26927099815,-123.25361716071,,,185,['Buchannan Meters']
2080,BM-12,,49.269236870124,-123.25358765641,,,185,['Buchannan Meters']
2081,BM-13,,49.269206242388,-123.25356351653,,,185,['Buchannan Meters']
2082,BM-14,,49.269173864476,-123.25353669444,,,185,['Buchannan Meters']
2083,BM-15,,49.269141486542,-123.25350987235,,,185,['Buchannan Meters']
2084,BM-16,,49.269109983667,-123.25348305026,,,185,['Buchannan Meters']
2085,BM-17,,49.269076730611,-123.25345488707,70b3b514900b131a,2022-06-24 16:03:05,185,['Buchannan Meters']
2086,BM-18,,49.269042602451,-123.25342672387,70b3b514900b131d,2022-06-24 16:04:32,185,['Buchannan Meters']
4228,HSM-1,,49.262207738762,-123.24626088021,70b3b514900b1a22,2023-03-09 22:19:09,349,['2389 Health Sciences Mall']
4229,HSM-2,,49.262136847116,-123.24620321271,70b3b514900b1783,2023-03-09 22:32:42,349,['2389 Health Sciences Mall']
4230,HSM-3,,49.262067705966,-123.24614420412,70b3b514900b17d0,2023-03-09 22:38:54,349,['2389 Health Sciences Mall']
4231,HSM-4,,49.261992438464,-123.24608653662,,,349,['2389 Health Sciences Mall']
430,NL-01,,49.266005013052,-123.24946332391,70b3b514900b19ea,2022-08-12 17:30:44,379,['Accessible Stalls']
431,NL-02,,49.265982697099,-123.24945024814,70b3b514900b19df,2022-08-12 15:22:24,379,['Accessible Stalls']
432,NL-03,,49.26596059992,-123.24943516072,70b3b514900b1418,2022-08-12 15:19:28,379,['Accessible Stalls']
436,NP-01,,49.269196196415,-123.25155894974,70b3b514900b15d5,2021-12-16 20:34:37,379,['Accessible Stalls']
437,NP-02,,49.269211947828,-123.25151335219,70b3b514900b1697,2021-12-14 23:42:11,379,['Accessible Stalls']
438,NP-03,,49.269226824157,-123.25146775463,70b3b514900b1963,2021-12-15 23:02:48,379,['Accessible Stalls']
439,NP-04,,49.269247826026,-123.25140740493,70b3b514900b1973,2021-12-15 23:04:16,379,['Accessible Stalls']
440,NP-05,,49.269262702345,-123.25136583069,70b3b514900b193c,2021-12-15 23:06:28,379,['Accessible Stalls']
441,NP-06,,49.269278453736,-123.25132023314,70b3b514900b17b8,2021-12-15 23:09:19,379,['Accessible Stalls']
435,NP-07,,49.268584512676,-123.2509822748,70b3b514900b1829,2021-12-13 23:56:38,379,['Accessible Stalls']
434,NP-08,,49.268595888838,-123.25095008829,70b3b514900b15fb,2021-12-10 23:37:10,379,['Accessible Stalls']
442,NP-10,,49.268862790339,-123.25041364649,70b3b514900b15b8,2021-12-14 23:06:52,379,['Accessible Stalls']
2085,BM-17,,49.269076730611,-123.25345488707,70b3b514900b131a,2022-06-24 16:03:05,379,['Accessible Stalls']
2086,BM-18,,49.269042602451,-123.25342672387,70b3b514900b131d,2022-06-24 16:04:32,379,['Accessible Stalls']
2008,CG-4,,49.271078122802,-123.25682213873,70b3b514900b13ad,2022-08-08 20:15:01,379,['Accessible Stalls']
2005,CG-1,,49.270857610913,-123.25734382837,70b3b514900b1327,2022-06-24 16:11:53,379,['Accessible Stalls']
2006,CG-2,,49.270854110716,-123.25728213757,70b3b514900b14e9,2022-06-24 16:14:00,379,['Accessible Stalls']
2007,CG-3,,49.270473462844,-123.25634604662,70b3b514900b12ff,2022-08-08 20:23:47,379,['Accessible Stalls']
477,AL-01,,49.264846560308,-123.2453949914,70b3b514900b15b4,2022-08-12 22:13:36,379,['Accessible Stalls']
478,AL-02,,49.264865813731,-123.24533732391,70b3b514900b16de,2022-08-12 22:11:19,379,['Accessible Stalls']
479,AL-03,,49.264889442922,-123.24526490426,70b3b514900b134a,2022-08-12 17:48:25,379,['Accessible Stalls']
480,AL-04,,49.264906946018,-123.24520589567,70b3b514900b1597,2022-08-12 17:45:46,379,['Accessible Stalls']
476,AL-05,,49.264703034555,-123.24499735109,70b3b514900b1a05,2022-08-12 22:18:31,379,['Accessible Stalls']
475,AL-06,,49.264723163192,-123.24494102753,70b3b514900b177c,2022-08-12 22:19:23,379,['Accessible Stalls']
474,AL-07,,49.264741979084,-123.24488738335,70b3b514900b194d,2022-08-15 20:47:19,379,['Accessible Stalls']
4691,EMR-01,,49.255337399944,-123.24177953157,70b3b514900b17d1,2023-07-27 22:11:01,383,['East Mall']
4692,EMR-02,,49.255391878438,-123.24182468224,70b3b514900b1ed1,2023-07-28 21:31:45,383,['East Mall']
4693,EMR-03,,49.255446356932,-123.24186983291,70b3b514900b1ee7,2023-07-28 21:33:25,383,['East Mall']
4694,EMR-04,,49.255500835426,-123.24191498359,70b3b514900b2689,2023-07-28 21:35:27,383,['East Mall']
4695,EMR-05,,49.25555531392,-123.24196013426,70b3b514900b1e7d,2023-07-28 21:41:03,383,['East Mall']
4696,EMR-06,,49.255609792414,-123.24200528493,70b3b514900b214b,2023-07-28 21:37:15,383,['East Mall']
4697,EMR-07,,49.255664270908,-123.2420504356,70b3b514900b213c,2023-07-28 21:42:37,383,['East Mall']
4698,EMR-08,,49.255718749401,-123.24209558627,70b3b514900b2111,2023-07-28 21:44:02,383,['East Mall']
4699,EMR-09,,49.255773227895,-123.24214073695,70b3b514900b2955,2023-07-28 21:46:34,383,['East Mall']
4700,EMR-10,,49.255827706389,-123.24218588762,70b3b514900b1e99,2023-07-28 21:48:32,383,['East Mall']
4701,EMR-11,,49.255882184883,-123.24223103829,70b3b514900b2142,2023-07-28 21:50:18,383,['East Mall']
4702,EMR-12,,49.255936663377,-123.24227618896,70b3b514900b2026,2023-07-28 21:51:31,383,['East Mall']
4703,EMR-13,,49.255991141871,-123.24232133964,70b3b514900b1eb3,2023-07-28 21:52:46,383,['East Mall']
4704,EMR-14,,49.256045620365,-123.24236649031,70b3b514900b22a7,2023-07-28 21:54:30,383,['East Mall']
4705,EMR-15,,49.256100098859,-123.24241164098,70b3b514900b2260,2023-07-28 21:55:44,383,['East Mall']
4706,EMR-16,,49.256154577353,-123.24245679165,70b3b514900b2052,2023-07-28 21:56:54,383,['East Mall']
4707,EMR-17,,49.256209055847,-123.24250194232,70b3b514900b209d,2023-07-28 21:58:22,383,['East Mall']
4708,EMR-18,,49.256263534341,-123.242547093,70b3b514900b207f,2023-07-28 21:59:24,383,['East Mall']
4709,EMR-19,,49.256318012835,-123.24259224367,70b3b514900b2054,2023-07-28 22:02:52,383,['East Mall']
4710,EMR-20,,49.256372491329,-123.24263739434,70b3b514900b252e,2023-07-28 22:05:08,383,['East Mall']
4711,EMR-21,,49.256426969823,-123.24268254501,70b3b514900b255f,2023-07-28 22:06:32,383,['East Mall']
4712,EMR-22,,49.256481448316,-123.24272769568,70b3b514900b13e9,2023-07-28 22:08:03,383,['East Mall']
4713,EMR-23,,49.256695854742,-123.24289754516,70b3b514900b14f1,2023-07-28 22:09:21,383,['East Mall']
4714,EMR-24,,49.256750287993,-123.24294206199,70b3b514900b1329,2023-07-28 22:10:42,383,['East Mall']
4715,EMR-25,,49.256804721243,-123.24298657882,70b3b514900b132d,2023-07-28 22:12:20,383,['East Mall']
4716,EMR-26,,49.256859154494,-123.24303109565,70b3b514900b1316,2023-07-28 22:14:01,383,['East Mall']
4717,EMR-27,,49.256913587745,-123.24307561249,70b3b514900b1335,2023-07-28 22:15:18,383,['East Mall']
4718,EMR-28,,49.256968020995,-123.24312012932,70b3b514900b14f9,2023-07-28 22:16:44,383,['East Mall']
4719,EMR-29,,49.257022454246,-123.24316464615,70b3b514900b13eb,2023-07-28 22:17:55,383,['East Mall']
4720,EMR-30,,49.257076887497,-123.24320916298,70b3b514900b13ab,2023-07-28 22:19:22,383,['East Mall']
4721,EMR-31,,49.257131320747,-123.24325367981,70b3b514900b14a3,2023-07-28 22:23:24,383,['East Mall']
4722,EMR-32,,49.257185753998,-123.24329819664,70b3b514900b1353,2023-08-16 21:48:01,383,['East Mall']
4723,EMR-33,,49.257240187249,-123.24334271347,70b3b514900b1384,2023-07-28 22:26:01,383,['East Mall']
4724,EMR-34,,49.2572946205,-123.2433872303,70b3b514900b131f,2023-07-28 22:27:22,383,['East Mall']
4725,EMR-35,,49.25734905375,-123.24343174714,70b3b514900b1548,2023-07-28 22:28:38,383,['East Mall']
4726,EMR-36,,49.257403487001,-123.24347626397,70b3b514900b14e0,2023-07-31 18:43:48,383,['East Mall']
4727,EMR-37,,49.257457920252,-123.2435207808,70b3b514900b14cc,2023-07-31 18:45:50,383,['East Mall']
4728,EMR-38,,49.257512353502,-123.24356529763,70b3b514900b145c,2023-07-31 18:47:16,383,['East Mall']
4729,EMR-39,,49.257566786753,-123.24360981446,70b3b514900b1429,2023-07-31 18:49:18,383,['East Mall']
4730,EMR-40,,49.257621220004,-123.24365433129,70b3b514900b14c7,2023-07-31 18:51:28,383,['East Mall']
4731,EMR-41,,49.257675653254,-123.24369884812,70b3b514900b14f7,2023-07-31 18:52:44,383,['East Mall']
4732,EMR-42,,49.257730086505,-123.24374336496,70b3b514900b1360,2023-07-31 18:54:06,383,['East Mall']
4733,EMR-43,,49.257784519756,-123.24378788179,70b3b514900b1544,2023-07-31 18:56:01,383,['East Mall']
4734,EMR-44,,49.257838953006,-123.24383239862,70b3b514900b1324,2023-07-31 18:58:38,383,['East Mall']
4735,EMR-45,,49.257893386257,-123.24387691545,70b3b514900b14f0,2023-07-31 19:02:56,383,['East Mall']
4736,EMR-46,,49.257947819508,-123.24392143228,70b3b514900b1339,2023-07-31 20:50:26,383,['East Mall']
4737,EMR-47,,49.258002252758,-123.24396594911,70b3b514900b1493,2023-07-31 20:54:04,383,['East Mall']
4738,EMR-48,,49.258056686009,-123.24401046594,70b3b514900b14ac,2023-07-31 21:02:09,383,['East Mall']
4739,EMR-49,,49.25811111926,-123.24405498277,70b3b514900b14ca,2023-07-31 21:13:50,383,['East Mall']
4740,EMR-50,,49.258165552511,-123.24409949961,70b3b514900b14de,2023-07-31 21:16:10,383,['East Mall']
4741,EMR-51,,49.258219985761,-123.24414401644,70b3b514900b145b,2023-07-31 21:21:04,383,['East Mall']
4742,EMR-52,,49.25862575823,-123.24451454112,70b3b514900b1319,2023-07-31 21:23:22,383,['East Mall']
4743,EMR-53,,49.258687415516,-123.24456162879,70b3b514900b1465,2023-07-31 21:32:44,383,['East Mall']
4744,EMR-54,,49.258749072803,-123.24460871646,70b3b514900b134c,2023-07-31 21:34:30,383,['East Mall']
4745,EMR-55,,49.258810730089,-123.24465580413,70b3b514900b132c,2023-07-31 21:39:03,383,['East Mall']
4746,EMR-56,,49.258872387376,-123.2447028918,70b3b514900b144e,2023-07-31 21:40:49,383,['East Mall']
4747,EMR-57,,49.258934044662,-123.24474997947,70b3b514900b1330,2023-07-31 21:44:35,383,['East Mall']
4748,EMR-58,,49.258995701948,-123.24479706714,70b3b514900b132a,2023-07-31 21:46:59,383,['East Mall']
4749,EMR-59,,49.259057359235,-123.24484415481,70b3b514900b1549,2023-07-31 21:49:17,383,['East Mall']
4750,EMR-60,,49.259119016521,-123.24489124248,70b3b514900b1819,2023-07-31 21:55:36,383,['East Mall']
4751,EMR-61,,49.259180673807,-123.24493833015,70b3b514900b13fb,2023-07-31 21:58:26,383,['East Mall']
4752,EMR-62,,49.259391999933,-123.24513075976,70b3b514900b176f,2023-07-31 22:01:43,383,['East Mall']
4753,EMR-63,,49.259447140532,-123.24517447977,70b3b514900b1789,2023-08-01 17:39:48,383,['East Mall']
4754,EMR-64,,49.259502281131,-123.24521819977,70b3b514900b172d,2023-08-01 17:41:33,383,['East Mall']
4755,EMR-65,,49.25955742173,-123.24526191978,70b3b514900b186e,2023-08-01 17:45:02,383,['East Mall']
4756,EMR-66,,49.25961256233,-123.24530563979,70b3b514900b1953,2023-08-01 17:53:53,383,['East Mall']
4757,EMR-67,,49.259667702929,-123.2453493598,70b3b514900b16e1,2023-08-01 17:49:59,383,['East Mall']
4758,EMR-68,,49.259722843528,-123.2453930798,70b3b514900b1a15,2023-08-01 17:55:59,383,['East Mall']
4759,EMR-69,,49.259777984127,-123.24543679981,70b3b514900b1661,2023-08-01 17:59:18,383,['East Mall']
4760,EMR-70,,49.259833124726,-123.24548051982,70b3b514900b181f,2023-08-01 18:00:36,383,['East Mall']
4761,EMR-71,,49.259888265325,-123.24552423982,70b3b514900b1655,2023-08-01 18:02:19,383,['East Mall']
4762,EMR-72,,49.259943405925,-123.24556795983,70b3b514900b1664,2023-08-01 18:06:12,383,['East Mall']
4812,EMR-073,,49.257952708173,-123.24433702017,70b3b514900b19d2,2023-08-01 18:22:36,383,['East Mall']
4813,EMR-074,,49.257872766049,-123.24423509623,70b3b514900b1999,2023-08-01 18:24:29,383,['East Mall']
4814,EMR-075,,49.25777181723,-123.24414390112,70b3b514900b1a19,2023-08-01 18:26:25,383,['East Mall']
4815,EMR-076,,49.257688062381,-123.24407877428,70b3b514900b1a5d,2023-08-01 18:28:09,383,['East Mall']
4816,EMR-077,,49.257514755817,-123.24398556751,70b3b514900b1aad,2023-08-01 18:29:41,383,['East Mall']
4817,EMR-078,,49.257411471893,-123.24389236075,70b3b514900b19ba,2023-08-01 18:31:20,383,['East Mall']
4818,EMR-079,,49.25730818794,-123.24378842515,70b3b514900b1761,2023-08-01 18:33:20,383,['East Mall']
4819,EMR-080,,49.257211906288,-123.24371667606,70b3b514900b1565,2023-08-01 18:36:58,383,['East Mall']
4820,EMR-081,,49.257117559583,-123.24366838129,70b3b514900b17e7,2023-08-01 18:38:35,383,['East Mall']
4821,EMR-082,,49.256984514894,-123.24356109292,70b3b514900b16c1,2023-08-01 18:40:38,383,['East Mall']
4822,EMR-083,,49.256882980234,-123.24347526223,70b3b514900b1782,2023-08-01 18:42:41,383,['East Mall']
4823,EMR-084,,49.256781445574,-123.24338943154,70b3b514900b1778,2023-08-01 18:44:55,383,['East Mall']
4824,EMR-085,,49.256679910915,-123.24330360086,70b3b514900b1787,2023-08-01 18:46:15,383,['East Mall']
4825,EMR-086,,49.256578376255,-123.24321777017,70b3b514900b1a85,2023-08-01 18:47:51,383,['East Mall']
4826,EMR-087,,49.256422922259,-123.2430895987,70b3b514900b1481,2023-08-01 18:49:24,383,['East Mall']
4827,EMR-088,,49.256329970315,-123.24301820392,70b3b514900b1609,2023-08-01 18:51:14,383,['East Mall']
4828,EMR-089,,49.256237018372,-123.24294680913,70b3b514900b1a4f,2023-08-01 18:52:56,383,['East Mall']
4829,EMR-090,,49.256144066428,-123.24287541435,70b3b514900b1a3a,2023-08-01 18:54:42,383,['East Mall']
4830,EMR-091,,49.256051114485,-123.24280401956,70b3b514900b175a,2023-08-01 18:57:35,383,['East Mall']
4831,EMR-092,,49.255958162541,-123.24273262478,70b3b514900b1868,2023-08-01 19:00:57,383,['East Mall']
4889,LMR-01,,49.263894180653,-123.25668596245,70b3b514900b1653,2023-08-23 20:50:15,408,['Lower Mall']
4890,LMR-02,,49.26397513399,-123.25675033547,70b3b514900b1823,2023-08-23 20:52:43,408,['Lower Mall']
4891,LMR-03,,49.264056087327,-123.25681470848,70b3b514900b15a8,2023-08-23 20:56:47,408,['Lower Mall']
4892,WMR-01,,49.264333836006,-123.25534350103,70b3b514900b164f,2023-08-23 20:39:28,409,['West Mall']
4893,WMR-02,,49.264423686018,-123.25541904992,70b3b514900b1736,2023-08-23 20:43:07,409,['West Mall']
4894,WMR-03,,49.264513536031,-123.2554945988,70b3b514900b1a18,2023-08-23 20:45:08,409,['West Mall']
4895,WMR-04,,49.264603386043,-123.25557014769,70b3b514900b171f,2023-08-23 20:46:45,409,['West Mall']
