date,Occupancy,temp,visibility,dew_point,feels_like,pressure,humidity,wind_speed,clouds_all,rain_1h,snow_1h,term_date,is_holiday,date,day_of_week
2023-12-20 00:00:00,0,9.82,10000.0,9.21,8.24,1003,96,3.09,100,0.59,,False,False,2023-12-20 00:00:00,2
2023-12-20 01:00:00,3,9.54,9656.0,8.93,7.63,1004,96,3.6,100,0.25,,False,False,2023-12-20 01:00:00,2
2023-12-20 02:00:00,0,9.48,9656.0,9.18,7.31,1005,98,4.12,100,1.53,,False,False,2023-12-20 02:00:00,2
2023-12-20 03:00:00,1,9.45,4828.0,9.0,7.52,1005,97,3.6,100,0.76,,False,False,2023-12-20 03:00:00,2
2023-12-20 04:00:00,3,9.48,2414.0,9.18,7.83,1006,98,3.09,100,1.02,,False,False,2023-12-20 04:00:00,2
2023-12-20 05:00:00,5,9.32,4023.0,9.02,7.11,1007,98,4.12,100,1.78,,False,False,2023-12-20 05:00:00,2
2023-12-20 06:00:00,24,9.26,4828.0,8.96,7.57,1008,98,3.09,100,1.52,,False,False,2023-12-20 06:00:00,2
2023-12-20 07:00:00,97,9.44,6437.0,9.14,8.49,1008,98,2.06,100,0.88,,False,False,2023-12-20 07:00:00,2
2023-12-20 08:00:00,162,9.48,4023.0,9.18,7.83,1009,98,3.09,100,2.29,,False,False,2023-12-20 08:00:00,2
2023-12-20 09:00:00,246,9.51,4828.0,9.21,7.87,1009,98,3.09,100,1.53,,False,False,2023-12-20 09:00:00,2
2023-12-20 10:00:00,284,9.58,10000.0,9.43,7.01,1009,99,5.14,100,0.6,,False,False,2023-12-20 10:00:00,2
2023-12-20 11:00:00,309,9.4,10000.0,9.1,7.21,1010,98,4.12,100,0.44,,False,False,2023-12-20 11:00:00,2
2023-12-20 12:00:00,324,9.22,10000.0,8.92,6.76,1010,98,4.63,100,0.26,,False,False,2023-12-20 12:00:00,2
2023-12-20 13:00:00,318,9.46,10000.0,9.16,7.81,1011,98,3.09,100,0.14,,False,False,2023-12-20 13:00:00,2
2023-12-20 14:00:00,311,9.41,10000.0,9.11,7.0,1011,98,4.63,100,0.25,,False,False,2023-12-20 14:00:00,2
2023-12-20 15:00:00,261,9.24,10000.0,8.94,6.79,1012,98,4.63,100,0.14,,False,False,2023-12-20 15:00:00,2
2023-12-20 16:00:00,194,9.45,9656.0,9.15,7.27,1012,98,4.12,100,,,False,False,2023-12-20 16:00:00,2
2023-12-20 17:00:00,123,9.42,9656.0,9.12,7.23,1012,98,4.12,100,,,False,False,2023-12-20 17:00:00,2
2023-12-20 18:00:00,63,9.74,9656.0,9.44,7.21,1013,98,5.14,100,,,False,False,2023-12-20 18:00:00,2
2023-12-20 19:00:00,33,9.85,9656.0,9.4,7.55,1013,97,4.63,100,,,False,False,2023-12-20 19:00:00,2
2023-12-20 20:00:00,15,9.81,8047.0,9.36,7.96,1013,97,3.6,100,,,False,False,2023-12-20 20:00:00,2
2023-12-20 21:00:00,1,9.88,10000.0,9.43,7.8,1013,97,4.12,100,0.11,,False,False,2023-12-20 21:00:00,2
2023-12-20 22:00:00,0,10.15,10000.0,9.54,9.73,1012,96,5.66,75,,,False,False,2023-12-20 22:00:00,2
2023-12-20 23:00:00,0,9.64,10000.0,9.03,7.29,1013,96,4.63,75,,,False,False,2023-12-20 23:00:00,2
2023-12-21 00:00:00,1,9.39,10000.0,8.94,7.2,1013,97,4.12,75,0.13,,True,False,2023-12-21 00:00:00,3
2023-12-21 01:00:00,0,9.59,10000.0,8.98,7.44,1013,96,4.12,75,0.21,,True,False,2023-12-21 01:00:00,3
2023-12-21 02:00:00,1,9.39,10000.0,8.94,7.45,1014,97,3.6,75,0.24,,True,False,2023-12-21 02:00:00,3
2023-12-21 03:00:00,2,9.09,10000.0,8.64,6.4,1014,97,5.14,100,0.2,,True,False,2023-12-21 03:00:00,3
2023-12-21 04:00:00,0,9.0,10000.0,8.55,6.09,1014,97,5.66,100,0.17,,True,False,2023-12-21 04:00:00,3
2023-12-21 05:00:00,0,9.15,10000.0,8.55,6.47,1014,96,5.14,100,,,True,False,2023-12-21 05:00:00,3
2023-12-21 06:00:00,21,8.88,10000.0,8.43,6.34,1015,97,4.63,100,,,True,False,2023-12-21 06:00:00,3
2023-12-21 07:00:00,91,8.85,10000.0,8.55,5.56,1015,98,6.69,100,,,True,False,2023-12-21 07:00:00,3
2023-12-21 08:00:00,164,8.73,10000.0,8.28,5.75,1015,97,5.66,100,0.16,,True,False,2023-12-21 08:00:00,3
2023-12-21 09:00:00,221,8.93,10000.0,8.48,6.4,1015,97,4.63,100,0.33,,True,False,2023-12-21 09:00:00,3
2023-12-21 10:00:00,257,8.68,10000.0,8.23,5.51,1015,97,6.17,100,0.25,,True,False,2023-12-21 10:00:00,3
2023-12-21 11:00:00,270,8.62,10000.0,8.17,5.26,1016,97,6.69,100,0.51,,True,False,2023-12-21 11:00:00,3
2023-12-21 12:00:00,325,8.61,10000.0,8.16,5.25,1016,97,6.69,100,0.89,,True,False,2023-12-21 12:00:00,3
2023-12-21 13:00:00,306,8.86,10000.0,8.56,6.8,1016,98,3.6,100,1.27,,True,False,2023-12-21 13:00:00,3
2023-12-21 14:00:00,306,8.82,9656.0,8.52,6.27,1016,98,4.63,100,0.64,,True,False,2023-12-21 14:00:00,3
2023-12-21 15:00:00,238,8.64,8047.0,8.34,5.83,1016,98,5.14,100,1.65,,True,False,2023-12-21 15:00:00,3
2023-12-21 16:00:00,179,8.74,9656.0,8.29,6.17,1017,97,4.63,100,0.25,,True,False,2023-12-21 16:00:00,3
2023-12-21 17:00:00,124,8.42,8047.0,8.12,6.27,1017,98,3.6,100,,,True,False,2023-12-21 17:00:00,3
2023-12-21 18:00:00,69,8.92,8047.0,8.47,6.62,1017,97,4.12,100,0.22,,True,False,2023-12-21 18:00:00,3
2023-12-21 19:00:00,43,8.84,4828.0,8.39,6.08,1017,97,5.14,100,0.12,,True,False,2023-12-21 19:00:00,3
2023-12-21 20:00:00,24,8.83,4828.0,8.38,6.16,1017,97,4.92,100,0.1,,True,False,2023-12-21 20:00:00,3
2023-12-21 21:00:00,3,9.11,8047.0,8.81,6.63,1016,98,4.63,100,0.25,,True,False,2023-12-21 21:00:00,3
2023-12-21 22:00:00,3,9.21,9656.0,8.61,6.36,1015,96,5.66,100,,,True,False,2023-12-21 22:00:00,3
2023-12-21 23:00:00,3,9.63,10000.0,9.02,7.27,1015,96,4.63,100,,,True,False,2023-12-21 23:00:00,3
2023-12-22 00:00:00,0,9.3,10000.0,8.7,6.3,1015,96,6.17,100,,,False,False,2023-12-22 00:00:00,4
2023-12-22 01:00:00,0,9.0,10000.0,8.55,6.49,1015,97,4.63,75,,,False,False,2023-12-22 01:00:00,4
2023-12-22 02:00:00,3,8.86,10000.0,8.41,6.54,1014,97,4.12,100,,,False,False,2023-12-22 02:00:00,4
2023-12-22 03:00:00,3,8.76,10000.0,8.16,5.79,1014,96,5.66,100,,,False,False,2023-12-22 03:00:00,4
2023-12-22 04:00:00,3,8.63,10000.0,8.18,5.62,1013,97,5.66,100,,,False,False,2023-12-22 04:00:00,4
2023-12-22 05:00:00,2,8.42,9656.0,7.97,5.36,1013,97,5.66,100,,,False,False,2023-12-22 05:00:00,4
2023-12-22 06:00:00,23,8.35,10000.0,8.05,5.09,1012,98,6.17,100,,,False,False,2023-12-22 06:00:00,4
2023-12-22 07:00:00,91,8.62,10000.0,8.17,6.02,1012,97,4.63,100,0.1,,False,False,2023-12-22 07:00:00,4
2023-12-22 08:00:00,144,8.46,10000.0,8.01,5.82,1012,97,4.63,100,0.25,,False,False,2023-12-22 08:00:00,4
2023-12-22 09:00:00,184,8.19,10000.0,7.59,5.48,1011,96,4.63,100,0.25,,False,False,2023-12-22 09:00:00,4
2023-12-22 10:00:00,216,7.98,10000.0,7.38,4.8,1011,96,5.66,100,0.85,,False,False,2023-12-22 10:00:00,4
2023-12-22 11:00:00,223,8.13,10000.0,7.53,4.63,1010,96,6.69,100,0.25,,False,False,2023-12-22 11:00:00,4
2023-12-22 12:00:00,249,7.82,10000.0,7.37,4.24,1009,97,6.69,100,0.25,,False,False,2023-12-22 12:00:00,4
2023-12-22 13:00:00,219,7.95,10000.0,7.5,5.19,1009,97,4.63,100,1.92,,False,False,2023-12-22 13:00:00,4
2023-12-22 14:00:00,158,7.75,8047.0,7.3,3.41,1009,97,9.26,100,2.03,,False,False,2023-12-22 14:00:00,4
2023-12-22 15:00:00,121,7.54,8047.0,6.94,3.71,1009,96,7.2,100,3.05,,False,False,2023-12-22 15:00:00,4
2023-12-22 16:00:00,93,7.01,10000.0,6.27,4.27,1010,95,4.12,100,0.25,,False,False,2023-12-22 16:00:00,4
2023-12-22 17:00:00,53,7.14,10000.0,6.24,4.05,1011,94,4.92,100,0.58,,False,False,2023-12-22 17:00:00,4
2023-12-22 18:00:00,15,7.07,10000.0,6.02,3.46,1012,93,6.17,75,0.22,,False,False,2023-12-22 18:00:00,4
2023-12-22 19:00:00,17,7.48,10000.0,6.11,3.8,1012,91,6.69,75,0.13,,False,False,2023-12-22 19:00:00,4
2023-12-22 20:00:00,10,7.82,10000.0,6.44,3.92,1013,91,7.72,75,0.1,,False,False,2023-12-22 20:00:00,4
2023-12-22 21:00:00,0,8.42,10000.0,6.05,4.42,1014,85,8.75,75,,,False,False,2023-12-22 21:00:00,4
2023-12-22 22:00:00,1,8.54,10000.0,5.65,4.58,1014,82,8.75,20,,,False,False,2023-12-22 22:00:00,4
2023-12-22 23:00:00,3,7.77,10000.0,4.54,2.9,1015,80,11.62,40,,,False,False,2023-12-22 23:00:00,4
2023-12-23 00:00:00,2,7.18,10000.0,4.14,3.13,1016,81,7.6,20,,,False,False,2023-12-23 00:00:00,5
2023-12-23 01:00:00,2,6.3,10000.0,3.28,2.45,1017,81,6.26,20,,,False,False,2023-12-23 01:00:00,5
2023-12-23 02:00:00,4,6.19,10000.0,2.65,1.36,1018,78,9.26,40,,,False,False,2023-12-23 02:00:00,5
2023-12-23 03:00:00,5,5.8,10000.0,2.97,1.14,1018,82,8.23,20,,,False,False,2023-12-23 03:00:00,5
2023-12-23 04:00:00,6,5.6,10000.0,2.94,0.58,1020,83,9.26,20,,,False,False,2023-12-23 04:00:00,5
2023-12-23 05:00:00,6,5.11,10000.0,3.13,0.09,1020,87,8.75,20,,,False,False,2023-12-23 05:00:00,5
2023-12-23 06:00:00,5,5.04,10000.0,3.22,-0.43,1021,88,10.29,20,,,False,False,2023-12-23 06:00:00,5
2023-12-23 07:00:00,14,4.73,10000.0,3.23,-0.72,1022,90,9.83,20,,,False,False,2023-12-23 07:00:00,5
2023-12-23 08:00:00,17,4.19,10000.0,2.7,-0.2,1022,90,6.17,20,,,False,False,2023-12-23 08:00:00,5
2023-12-23 09:00:00,16,2.95,10000.0,1.78,-1.55,1023,92,5.66,0,,,False,False,2023-12-23 09:00:00,5
2023-12-23 10:00:00,10,2.01,10000.0,0.85,-1.16,1024,92,3.09,20,,,False,False,2023-12-23 10:00:00,5
2023-12-23 11:00:00,13,1.64,10000.0,0.78,-1.15,1024,94,2.57,40,,,False,False,2023-12-23 11:00:00,5
2023-12-23 12:00:00,13,1.22,10000.0,0.51,-0.42,1025,95,1.54,20,,,False,False,2023-12-23 12:00:00,5
2023-12-23 13:00:00,13,0.98,,0.56,0.98,1025,97,0.45,53,,,False,False,2023-12-23 13:00:00,5
2023-12-23 14:00:00,21,0.52,10000.0,0.1,-1.92,1026,97,2.06,20,,,False,False,2023-12-23 14:00:00,5
2023-12-23 15:00:00,19,1.65,10000.0,0.94,1.65,1026,95,1.03,20,,,False,False,2023-12-23 15:00:00,5
2023-12-23 16:00:00,10,1.05,10000.0,0.63,-1.3,1027,97,2.06,20,,,False,False,2023-12-23 16:00:00,5
2023-12-23 17:00:00,2,0.79,10000.0,0.23,-2.16,1028,96,2.57,20,,,False,False,2023-12-23 17:00:00,5
2023-12-23 18:00:00,2,2.91,10000.0,2.04,-0.45,1028,94,3.6,20,,,False,False,2023-12-23 18:00:00,5
2023-12-23 19:00:00,0,4.19,10000.0,2.7,0.26,1028,90,5.14,20,,,False,False,2023-12-23 19:00:00,5
2023-12-23 20:00:00,0,5.47,10000.0,3.48,2.37,1028,87,4.12,20,0.11,,False,False,2023-12-23 20:00:00,5
2023-12-23 21:00:00,4,5.36,10000.0,3.37,1.97,1028,87,4.63,75,,,False,False,2023-12-23 21:00:00,5
2023-12-23 22:00:00,9,5.88,10000.0,3.56,1.75,1028,85,6.69,75,0.12,,False,False,2023-12-23 22:00:00,5
2023-12-23 23:00:00,3,5.75,10000.0,3.09,2.45,1028,83,4.63,40,,,False,False,2023-12-23 23:00:00,5
2023-12-24 00:00:00,3,5.24,10000.0,2.93,1.57,1027,85,5.14,40,,,False,True,2023-12-24 00:00:00,6
2023-12-24 01:00:00,4,3.79,10000.0,1.99,1.41,1027,88,2.57,20,,,False,True,2023-12-24 01:00:00,6
2023-12-24 02:00:00,1,3.46,10000.0,1.66,0.22,1027,88,3.6,0,,,False,True,2023-12-24 02:00:00,6
2023-12-24 03:00:00,2,2.59,10000.0,0.96,-1.75,1026,89,5.14,0,,,False,True,2023-12-24 03:00:00,6
2023-12-24 04:00:00,2,2.09,10000.0,0.62,-0.61,1025,90,2.57,0,,,False,True,2023-12-24 04:00:00,6
2023-12-24 05:00:00,2,1.85,,0.39,-0.37,1025,90,2.06,73,,,False,True,2023-12-24 05:00:00,6
2023-12-24 06:00:00,2,1.56,10000.0,-0.6,-2.76,1024,85,4.63,0,,,False,True,2023-12-24 06:00:00,6
2023-12-24 07:00:00,6,1.26,10000.0,-0.31,-2.06,1024,89,3.09,20,,,False,True,2023-12-24 07:00:00,6
2023-12-24 08:00:00,8,1.41,,-0.31,-2.63,1023,88,4.12,100,,,False,True,2023-12-24 08:00:00,6
2023-12-24 09:00:00,10,1.45,,-0.42,-2.23,1022,87,3.6,100,,,False,True,2023-12-24 09:00:00,6
2023-12-24 10:00:00,13,0.85,10000.0,-0.94,-4.45,1021,87,6.17,40,,,False,True,2023-12-24 10:00:00,6
2023-12-24 11:00:00,20,0.82,10000.0,-0.69,-3.36,1020,89,4.12,75,,,False,True,2023-12-24 11:00:00,6
2023-12-24 12:00:00,16,1.21,10000.0,-0.49,-2.52,1019,88,3.6,75,,,False,True,2023-12-24 12:00:00,6
2023-12-24 13:00:00,6,1.03,10000.0,-0.64,-1.33,1019,88,2.06,75,,,False,True,2023-12-24 13:00:00,6
2023-12-24 14:00:00,3,1.42,,-0.03,1.42,1019,90,0.45,100,,,False,True,2023-12-24 14:00:00,6
2023-12-24 15:00:00,9,1.51,10000.0,-0.23,-2.51,1019,88,4.12,75,,,False,True,2023-12-24 15:00:00,6
2023-12-24 16:00:00,7,1.69,10000.0,-0.07,-4.39,1018,88,8.75,100,,,False,True,2023-12-24 16:00:00,6
2023-12-24 17:00:00,1,1.85,10000.0,-0.35,-3.82,1018,85,7.72,100,,,False,True,2023-12-24 17:00:00,6
2023-12-24 18:00:00,4,2.45,10000.0,0.03,-2.84,1018,84,7.2,100,,,False,True,2023-12-24 18:00:00,6
2023-12-24 19:00:00,4,3.3,,1.19,-0.3,1019,86,4.12,100,,,False,True,2023-12-24 19:00:00,6
2023-12-24 20:00:00,6,3.95,,1.16,0.5,1019,82,4.12,100,,,False,True,2023-12-24 20:00:00,6
2023-12-24 21:00:00,4,5.0,,0.94,0.83,1020,75,6.17,99,,,False,True,2023-12-24 21:00:00,6
2023-12-24 22:00:00,5,6.22,10000.0,1.16,1.85,1020,70,7.72,100,,,False,True,2023-12-24 22:00:00,6
2023-12-24 23:00:00,4,6.57,10000.0,0.26,1.86,1020,64,9.26,100,,,False,True,2023-12-24 23:00:00,6
2023-12-25 00:00:00,5,6.27,10000.0,1.01,1.55,1020,69,8.94,100,,,False,True,2023-12-25 00:00:00,0
2023-12-25 01:00:00,7,6.13,10000.0,0.67,1.9,1021,68,7.2,75,0.23,,False,True,2023-12-25 01:00:00,0
2023-12-25 02:00:00,11,6.11,,1.25,1.87,1021,71,7.2,95,0.17,,False,True,2023-12-25 02:00:00,0
2023-12-25 03:00:00,0,5.52,10000.0,2.35,1.11,1021,80,7.2,100,,,False,True,2023-12-25 03:00:00,0
2023-12-25 04:00:00,2,5.42,,2.6,1.33,1022,82,6.26,100,,,False,True,2023-12-25 04:00:00,0
2023-12-25 05:00:00,2,5.28,10000.0,2.29,0.8,1022,81,7.2,100,,,False,True,2023-12-25 05:00:00,0
2023-12-25 06:00:00,2,4.98,10000.0,2.84,-0.09,1021,86,8.75,100,,,False,True,2023-12-25 06:00:00,0
2023-12-25 07:00:00,6,4.91,10000.0,2.77,-0.47,1022,86,9.77,100,,,False,True,2023-12-25 07:00:00,0
2023-12-25 08:00:00,10,5.03,10000.0,2.89,0.3,1021,86,7.72,100,,,False,True,2023-12-25 08:00:00,0
2023-12-25 09:00:00,9,5.35,10000.0,3.04,0.89,1020,85,7.2,100,,,False,True,2023-12-25 09:00:00,0
2023-12-25 10:00:00,12,5.07,10000.0,3.09,0.92,1020,87,6.17,100,,,False,True,2023-12-25 10:00:00,0
2023-12-25 11:00:00,12,5.81,10000.0,3.65,1.66,1019,86,6.69,100,,,False,True,2023-12-25 11:00:00,0
2023-12-25 12:00:00,13,5.86,,3.7,1.55,1018,86,7.2,99,,,False,True,2023-12-25 12:00:00,0
2023-12-25 13:00:00,7,4.68,10000.0,3.18,-0.15,1018,90,7.72,100,,,False,True,2023-12-25 13:00:00,0
2023-12-25 14:00:00,6,6.2,10000.0,4.36,2.77,1017,88,5.14,100,0.14,,False,True,2023-12-25 14:00:00,0
2023-12-25 15:00:00,3,6.19,10000.0,4.35,3.0,1016,88,4.63,100,0.23,,False,True,2023-12-25 15:00:00,0
2023-12-25 16:00:00,6,7.35,10000.0,5.0,4.96,1016,85,3.6,100,0.2,,False,True,2023-12-25 16:00:00,0
2023-12-25 17:00:00,0,6.66,10000.0,4.82,2.58,1016,88,7.2,100,0.16,,False,True,2023-12-25 17:00:00,0
2023-12-25 18:00:00,2,6.16,10000.0,4.8,1.61,1016,91,8.23,100,0.76,,False,True,2023-12-25 18:00:00,0
2023-12-25 19:00:00,0,6.12,10000.0,5.23,1.27,1016,94,9.26,100,0.76,,False,True,2023-12-25 19:00:00,0
2023-12-25 20:00:00,4,6.82,10000.0,5.92,2.96,1015,94,6.69,100,0.25,,False,True,2023-12-25 20:00:00,0
2023-12-25 21:00:00,4,6.56,10000.0,6.12,2.45,1014,97,7.2,100,0.25,,False,True,2023-12-25 21:00:00,0
2023-12-25 22:00:00,8,6.76,10000.0,6.32,3.26,1013,97,5.66,100,0.25,,False,True,2023-12-25 22:00:00,0
2023-12-25 23:00:00,9,7.15,10000.0,6.56,2.76,1012,96,8.75,100,1.71,,False,True,2023-12-25 23:00:00,0
2023-12-26 00:00:00,10,6.82,10000.0,6.38,2.32,1012,97,8.75,100,1.74,,False,True,2023-12-26 00:00:00,1
2023-12-26 01:00:00,7,7.62,10000.0,6.87,3.11,1011,95,9.77,100,0.51,,False,True,2023-12-26 01:00:00,1
2023-12-26 02:00:00,10,7.76,10000.0,7.16,3.06,1011,96,10.8,100,2.42,,False,True,2023-12-26 02:00:00,1
2023-12-26 03:00:00,9,8.14,10000.0,7.54,4.05,1011,96,8.75,100,0.89,,False,True,2023-12-26 03:00:00,1
2023-12-26 04:00:00,10,8.89,10000.0,8.13,4.57,1011,95,10.8,100,0.89,,False,True,2023-12-26 04:00:00,1
2023-12-26 05:00:00,11,9.41,10000.0,8.65,5.26,1010,95,10.8,100,1.9,,False,True,2023-12-26 05:00:00,1
2023-12-26 06:00:00,11,10.14,10000.0,8.9,9.61,1009,92,11.32,100,1.27,,False,True,2023-12-26 06:00:00,1
2023-12-26 07:00:00,11,10.27,10000.0,8.87,9.73,1010,91,7.2,100,0.51,,False,True,2023-12-26 07:00:00,1
2023-12-26 08:00:00,13,9.09,,8.02,4.53,1012,93,12.35,100,2.71,,False,True,2023-12-26 08:00:00,1
2023-12-26 09:00:00,14,9.34,10000.0,7.95,4.6,1013,91,13.89,100,0.25,,False,True,2023-12-26 09:00:00,1
2023-12-26 10:00:00,14,8.98,10000.0,7.91,4.91,1014,93,9.77,40,1.31,,False,True,2023-12-26 10:00:00,1
2023-12-26 11:00:00,14,8.0,,7.09,3.87,1016,94,8.75,74,0.97,,False,True,2023-12-26 11:00:00,1
2023-12-26 12:00:00,15,7.71,10000.0,6.49,2.88,1016,92,11.32,75,0.31,,False,True,2023-12-26 12:00:00,1
2023-12-26 13:00:00,11,6.48,,5.59,6.48,1018,94,0.45,13,,,False,True,2023-12-26 13:00:00,1
2023-12-26 14:00:00,8,5.86,10000.0,4.51,3.15,1019,91,3.6,20,,,False,True,2023-12-26 14:00:00,1
2023-12-26 15:00:00,11,6.21,10000.0,5.01,3.28,1021,92,4.12,20,,,False,True,2023-12-26 15:00:00,1
2023-12-26 16:00:00,13,4.94,10000.0,4.21,1.44,1021,95,4.63,75,,,False,True,2023-12-26 16:00:00,1
2023-12-26 17:00:00,7,6.28,,5.54,4.64,1022,95,2.24,64,,,False,True,2023-12-26 17:00:00,1
2023-12-26 18:00:00,7,8.26,,6.56,4.8,1022,89,6.69,66,0.13,,False,True,2023-12-26 18:00:00,1
2023-12-26 19:00:00,13,8.76,,7.37,5.79,1022,91,5.66,52,,,False,True,2023-12-26 19:00:00,1
2023-12-26 20:00:00,14,9.19,10000.0,7.31,6.33,1021,88,5.66,20,,,False,True,2023-12-26 20:00:00,1
2023-12-26 21:00:00,17,9.68,10000.0,7.28,7.34,1020,85,4.63,40,,,False,True,2023-12-26 21:00:00,1
2023-12-26 22:00:00,20,10.05,10000.0,7.47,9.3,1019,84,5.66,75,,,False,True,2023-12-26 22:00:00,1
2023-12-26 23:00:00,23,9.38,10000.0,6.64,6.96,1019,83,4.63,75,,,False,True,2023-12-26 23:00:00,1
2023-12-27 00:00:00,18,8.46,10000.0,6.26,5.41,1018,86,5.66,75,,,False,False,2023-12-27 00:00:00,2
2023-12-27 01:00:00,17,7.83,,6.29,5.33,1017,90,4.02,100,,,False,False,2023-12-27 01:00:00,2
2023-12-27 02:00:00,21,7.93,10000.0,5.05,5.67,1016,82,3.6,100,,,False,False,2023-12-27 02:00:00,2
2023-12-27 03:00:00,22,7.64,10000.0,4.59,3.84,1015,81,7.2,100,,,False,False,2023-12-27 03:00:00,2
2023-12-27 04:00:00,22,7.53,,4.83,3.87,1014,83,6.69,100,,,False,False,2023-12-27 04:00:00,2
2023-12-27 05:00:00,22,7.34,10000.0,4.47,3.99,1013,82,5.66,100,,,False,False,2023-12-27 05:00:00,2
2023-12-27 06:00:00,25,7.63,,4.58,4.88,1013,81,4.43,100,,,False,False,2023-12-27 06:00:00,2
2023-12-27 07:00:00,53,6.93,10000.0,4.25,3.92,1012,83,4.63,100,,,False,False,2023-12-27 07:00:00,2
2023-12-27 08:00:00,70,7.45,10000.0,3.87,5.75,1012,78,2.57,100,0.12,,False,False,2023-12-27 08:00:00,2
2023-12-27 09:00:00,72,6.73,10000.0,4.39,3.22,1011,85,5.66,100,0.23,,False,False,2023-12-27 09:00:00,2
2023-12-27 10:00:00,69,7.22,10000.0,5.69,4.05,1010,90,5.14,100,0.25,,False,False,2023-12-27 10:00:00,2
2023-12-27 11:00:00,73,8.05,,6.19,7.12,1009,88,1.79,100,,,False,False,2023-12-27 11:00:00,2
2023-12-27 12:00:00,81,8.78,,6.23,5.46,1008,84,6.71,100,,,False,False,2023-12-27 12:00:00,2
2023-12-27 13:00:00,83,9.15,,5.7,6.11,1006,79,6.17,98,,,False,False,2023-12-27 13:00:00,2
2023-12-27 14:00:00,82,8.2,,5.83,4.56,1005,85,7.2,98,,,False,False,2023-12-27 14:00:00,2
2023-12-27 15:00:00,66,7.62,,5.6,3.11,1005,87,9.77,98,,,False,False,2023-12-27 15:00:00,2
2023-12-27 16:00:00,55,8.76,10000.0,5.86,4.86,1006,82,8.75,100,,,False,False,2023-12-27 16:00:00,2
2023-12-27 17:00:00,37,7.72,,6.02,5.24,1007,89,3.92,100,,,False,False,2023-12-27 17:00:00,2
2023-12-27 18:00:00,28,7.94,10000.0,6.08,4.39,1007,88,6.69,75,0.25,,False,False,2023-12-27 18:00:00,2
2023-12-27 19:00:00,17,8.73,10000.0,7.18,4.83,1007,90,8.75,100,0.25,,False,False,2023-12-27 19:00:00,2
2023-12-27 20:00:00,7,9.39,10000.0,6.65,6.1,1007,83,7.2,100,,,False,False,2023-12-27 20:00:00,2
2023-12-27 21:00:00,0,10.22,10000.0,6.93,9.39,1006,80,6.69,100,0.1,,False,False,2023-12-27 21:00:00,2
2023-12-27 22:00:00,4,10.96,10000.0,7.09,10.12,1007,77,5.66,100,0.36,,False,False,2023-12-27 22:00:00,2
2023-12-27 23:00:00,11,10.17,,7.42,9.41,1007,83,7.2,99,0.98,,False,False,2023-12-27 23:00:00,2
2023-12-28 00:00:00,10,10.25,10000.0,7.32,9.47,1008,82,5.14,75,0.59,,False,True,2023-12-28 00:00:00,3
2023-12-28 01:00:00,7,10.16,10000.0,7.05,9.35,1009,81,6.69,75,0.29,,False,True,2023-12-28 01:00:00,3
2023-12-28 02:00:00,6,10.23,10000.0,6.75,9.37,1009,79,12.35,75,0.14,,False,True,2023-12-28 02:00:00,3
2023-12-28 03:00:00,7,9.56,10000.0,5.92,6.47,1009,78,6.69,75,0.11,,False,True,2023-12-28 03:00:00,3
2023-12-28 04:00:00,8,10.35,10000.0,6.69,9.48,1010,78,11.32,100,,,False,True,2023-12-28 04:00:00,3
2023-12-28 05:00:00,8,11.3,,6.84,10.42,1009,74,11.32,100,0.47,,False,True,2023-12-28 05:00:00,3
2023-12-28 06:00:00,14,11.46,10000.0,6.19,10.49,1010,70,9.83,100,0.35,,False,True,2023-12-28 06:00:00,3
2023-12-28 07:00:00,47,10.78,,7.29,9.98,1011,79,7.2,96,0.4,,False,True,2023-12-28 07:00:00,3
2023-12-28 08:00:00,62,11.25,,7.37,10.44,1012,77,12.35,96,0.6,,False,True,2023-12-28 08:00:00,3
2023-12-28 09:00:00,71,10.98,10000.0,6.92,10.12,1013,76,9.77,100,0.69,,False,True,2023-12-28 09:00:00,3
2023-12-28 10:00:00,74,10.47,10000.0,7.17,9.66,1014,80,10.8,100,0.55,,False,True,2023-12-28 10:00:00,3
2023-12-28 11:00:00,72,10.13,10000.0,7.73,9.42,1015,85,10.29,100,0.4,,False,True,2023-12-28 11:00:00,3
2023-12-28 12:00:00,73,9.37,10000.0,7.65,5.21,1016,89,10.8,100,0.37,,False,True,2023-12-28 12:00:00,3
2023-12-28 13:00:00,78,9.16,10000.0,7.77,8.16,1016,91,2.06,100,0.64,,False,True,2023-12-28 13:00:00,3
2023-12-28 14:00:00,73,8.79,10000.0,7.56,7.73,1016,92,2.06,100,0.25,,False,True,2023-12-28 14:00:00,3
2023-12-28 15:00:00,56,8.75,,7.68,5.6,1017,93,6.17,97,0.25,,False,True,2023-12-28 15:00:00,3
2023-12-28 16:00:00,52,9.29,8047.0,7.74,6.46,1017,90,5.66,100,0.25,,False,True,2023-12-28 16:00:00,3
2023-12-28 17:00:00,41,8.69,,7.46,5.7,1018,92,5.66,100,0.51,,False,True,2023-12-28 17:00:00,3
2023-12-28 18:00:00,28,9.19,10000.0,7.64,5.99,1019,90,6.69,75,0.17,,False,True,2023-12-28 18:00:00,3
2023-12-28 19:00:00,18,9.91,10000.0,8.35,6.63,1019,90,7.72,100,0.45,,False,True,2023-12-28 19:00:00,3
2023-12-28 20:00:00,11,9.37,10000.0,8.45,6.95,1019,94,4.63,100,0.64,,False,True,2023-12-28 20:00:00,3
2023-12-28 21:00:00,8,9.64,10000.0,9.03,8.03,1019,96,3.09,100,0.51,,False,True,2023-12-28 21:00:00,3
2023-12-28 22:00:00,7,10.11,,8.87,9.58,1019,92,5.36,100,0.55,,False,True,2023-12-28 22:00:00,3
2023-12-28 23:00:00,7,10.82,10000.0,9.25,10.31,1018,90,6.17,75,0.59,,False,True,2023-12-28 23:00:00,3
2023-12-29 00:00:00,7,10.91,10000.0,8.83,10.33,1018,87,4.12,75,0.55,,False,True,2023-12-29 00:00:00,4
2023-12-29 01:00:00,5,10.24,10000.0,8.84,9.7,1018,91,2.57,75,0.38,,False,True,2023-12-29 01:00:00,4
2023-12-29 02:00:00,5,9.97,10000.0,8.57,6.99,1018,91,6.69,75,0.22,,False,True,2023-12-29 02:00:00,4
2023-12-29 03:00:00,6,10.39,,8.66,9.81,1018,89,1.79,100,0.16,,False,True,2023-12-29 03:00:00,4
2023-12-29 04:00:00,6,10.5,,8.43,9.88,1018,87,6.69,100,0.25,,False,True,2023-12-29 04:00:00,4
2023-12-29 05:00:00,6,9.77,,8.37,7.06,1018,91,5.66,99,0.2,,False,True,2023-12-29 05:00:00,4
2023-12-29 06:00:00,14,9.61,,8.53,9.61,1018,93,0.45,100,0.51,,False,True,2023-12-29 06:00:00,4
2023-12-29 07:00:00,41,9.49,10000.0,8.42,6.38,1017,93,6.69,100,0.18,,False,True,2023-12-29 07:00:00,4
2023-12-29 08:00:00,54,9.59,10000.0,8.19,6.67,1016,91,6.17,40,,,False,True,2023-12-29 08:00:00,4
2023-12-29 09:00:00,65,9.15,10000.0,8.08,6.68,1016,93,4.63,75,,,False,True,2023-12-29 09:00:00,4
2023-12-29 10:00:00,58,9.17,10000.0,7.94,6.5,1015,92,5.14,75,0.25,,False,True,2023-12-29 10:00:00,4
2023-12-29 11:00:00,72,9.58,10000.0,8.19,7.43,1014,91,4.12,75,,,False,True,2023-12-29 11:00:00,4
2023-12-29 12:00:00,83,9.79,10000.0,8.07,7.69,1014,89,4.12,75,,,False,True,2023-12-29 12:00:00,4
2023-12-29 13:00:00,74,9.76,10000.0,7.87,8.17,1013,88,3.09,75,,,False,True,2023-12-29 13:00:00,4
2023-12-29 14:00:00,46,9.24,,7.69,9.24,1013,90,1.03,100,,,False,True,2023-12-29 14:00:00,4
2023-12-29 15:00:00,35,8.96,10000.0,7.89,7.93,1012,93,2.06,100,,,False,True,2023-12-29 15:00:00,4
2023-12-29 16:00:00,37,8.95,10000.0,7.72,8.41,1012,92,1.54,100,,,False,True,2023-12-29 16:00:00,4
2023-12-29 17:00:00,45,8.96,,7.73,8.42,1012,92,1.54,100,,,False,True,2023-12-29 17:00:00,4
2023-12-29 18:00:00,38,9.51,10000.0,8.44,8.2,1011,93,2.57,75,,,False,True,2023-12-29 18:00:00,4
2023-12-29 19:00:00,13,11.67,10000.0,9.58,11.16,1010,87,2.57,100,,,False,True,2023-12-29 19:00:00,4
2023-12-29 20:00:00,9,10.82,10000.0,8.75,10.23,1009,87,1.54,100,,,False,True,2023-12-29 20:00:00,4
2023-12-29 21:00:00,8,11.1,,9.19,10.56,1009,88,2.57,100,,,False,True,2023-12-29 21:00:00,4
2023-12-29 22:00:00,6,10.46,10000.0,8.89,9.91,1008,90,2.06,100,,,False,True,2023-12-29 22:00:00,4
2023-12-29 23:00:00,8,10.9,10000.0,9.49,10.42,1007,91,2.06,100,,,False,True,2023-12-29 23:00:00,4
2023-12-30 00:00:00,6,11.32,10000.0,9.41,10.81,1007,88,2.06,100,,,False,True,2023-12-30 00:00:00,5
2023-12-30 01:00:00,3,10.91,,8.83,10.33,1007,87,5.14,100,,,False,True,2023-12-30 01:00:00,5
2023-12-30 02:00:00,6,10.71,,8.81,10.13,1007,88,4.63,100,,,False,True,2023-12-30 02:00:00,5
2023-12-30 03:00:00,7,9.93,,8.37,7.86,1007,90,4.12,100,,,False,True,2023-12-30 03:00:00,5
2023-12-30 04:00:00,10,9.86,,8.46,7.56,1008,91,4.63,100,,,False,True,2023-12-30 04:00:00,5
2023-12-30 05:00:00,9,9.93,10000.0,8.53,6.94,1008,91,6.69,100,,,False,True,2023-12-30 05:00:00,5
2023-12-30 06:00:00,9,10.56,10000.0,8.66,9.97,1009,88,6.69,100,0.22,,False,True,2023-12-30 06:00:00,5
2023-12-30 07:00:00,13,11.1,10000.0,7.97,10.38,1009,81,7.72,100,0.17,,False,True,2023-12-30 07:00:00,5
2023-12-30 08:00:00,16,11.88,10000.0,7.4,11.06,1010,74,8.75,100,,,False,True,2023-12-30 08:00:00,5
2023-12-30 09:00:00,25,11.96,,7.87,11.2,1010,76,7.2,100,,,False,True,2023-12-30 09:00:00,5
2023-12-30 10:00:00,26,11.38,10000.0,8.24,10.69,1009,81,5.66,100,0.2,,False,True,2023-12-30 10:00:00,5
2023-12-30 11:00:00,31,10.8,10000.0,8.03,10.1,1010,83,3.6,100,0.2,,False,True,2023-12-30 11:00:00,5
2023-12-30 12:00:00,33,10.4,10000.0,8.5,9.79,1010,88,3.6,100,0.25,,False,True,2023-12-30 12:00:00,5
2023-12-30 13:00:00,42,10.14,10000.0,8.74,9.59,1010,91,4.63,100,0.25,,False,True,2023-12-30 13:00:00,5
2023-12-30 14:00:00,48,9.89,10000.0,8.65,7.22,1011,92,5.66,100,0.64,,False,True,2023-12-30 14:00:00,5
2023-12-30 15:00:00,45,9.65,10000.0,8.42,6.58,1011,92,6.69,100,0.8,,False,True,2023-12-30 15:00:00,5
2023-12-30 16:00:00,42,9.66,10000.0,8.58,6.59,1011,93,6.69,100,0.9,,False,True,2023-12-30 16:00:00,5
2023-12-30 17:00:00,27,9.79,10000.0,8.71,7.09,1012,93,5.66,100,0.81,,False,True,2023-12-30 17:00:00,5
2023-12-30 18:00:00,17,10.12,10000.0,9.04,9.62,1012,93,5.14,100,0.71,,False,True,2023-12-30 18:00:00,5
2023-12-30 19:00:00,20,10.53,10000.0,9.29,10.04,1013,92,5.66,100,0.87,,False,True,2023-12-30 19:00:00,5
2023-12-30 20:00:00,18,11.14,10000.0,9.06,10.58,1013,87,4.63,100,1.0,,False,True,2023-12-30 20:00:00,5
2023-12-30 21:00:00,15,11.13,10000.0,9.22,10.6,1013,88,4.12,100,1.11,,False,True,2023-12-30 21:00:00,5
2023-12-30 22:00:00,15,10.61,10000.0,9.53,10.15,1013,93,3.6,100,1.33,,False,True,2023-12-30 22:00:00,5
2023-12-30 23:00:00,16,10.23,10000.0,9.15,9.74,1014,93,6.69,75,1.13,,False,True,2023-12-30 23:00:00,5
2023-12-31 00:00:00,18,9.82,10000.0,9.06,7.13,1014,95,5.66,100,0.25,,False,True,2023-12-31 00:00:00,6
2023-12-31 01:00:00,16,9.44,10000.0,8.99,7.04,1015,97,4.63,100,0.51,,False,True,2023-12-31 01:00:00,6
2023-12-31 02:00:00,16,9.03,8047.0,8.43,5.63,1015,96,7.2,100,1.27,,False,True,2023-12-31 02:00:00,6
2023-12-31 03:00:00,16,8.86,9656.0,8.41,6.32,1016,97,4.63,100,1.53,,False,True,2023-12-31 03:00:00,6
2023-12-31 04:00:00,16,8.78,10000.0,8.33,5.64,1016,97,6.17,100,3.05,,False,True,2023-12-31 04:00:00,6
2023-12-31 05:00:00,16,8.38,10000.0,7.78,4.95,1017,96,6.69,75,0.12,,False,True,2023-12-31 05:00:00,6
2023-12-31 06:00:00,17,7.99,10000.0,7.39,4.29,1018,96,7.2,75,0.18,,False,True,2023-12-31 06:00:00,6
2023-12-31 07:00:00,20,8.03,10000.0,7.58,4.68,1018,97,6.17,40,,,False,True,2023-12-31 07:00:00,6
2023-12-31 08:00:00,22,7.82,10000.0,7.37,4.81,1018,97,5.14,75,,,False,True,2023-12-31 08:00:00,6
2023-12-31 09:00:00,25,7.65,10000.0,7.2,4.39,1018,97,5.66,75,,,False,True,2023-12-31 09:00:00,6
2023-12-31 10:00:00,28,8.07,,7.47,5.57,1019,96,4.12,54,,,False,True,2023-12-31 10:00:00,6
2023-12-31 11:00:00,28,7.76,,7.01,4.95,1019,95,4.63,44,,,False,True,2023-12-31 11:00:00,6
2023-12-31 12:00:00,28,7.4,,6.96,4.75,1019,97,4.12,45,0.25,,False,True,2023-12-31 12:00:00,6
2023-12-31 13:00:00,26,7.11,10000.0,6.67,3.7,1020,97,5.66,100,,,False,True,2023-12-31 13:00:00,6
2023-12-31 14:00:00,24,7.1,10000.0,6.66,4.66,1020,97,3.6,75,0.14,,False,True,2023-12-31 14:00:00,6
2023-12-31 15:00:00,33,7.08,10000.0,6.64,4.1,1021,97,4.63,100,,,False,True,2023-12-31 15:00:00,6
2023-12-31 16:00:00,28,7.18,10000.0,6.74,4.23,1021,97,4.63,75,,,False,True,2023-12-31 16:00:00,6
2023-12-31 17:00:00,20,7.63,10000.0,7.03,4.57,1021,96,5.14,75,,,False,True,2023-12-31 17:00:00,6
2023-12-31 18:00:00,21,7.72,10000.0,6.97,5.14,1022,95,4.12,75,,,False,True,2023-12-31 18:00:00,6
2023-12-31 19:00:00,23,8.33,10000.0,7.27,6.45,1022,93,3.09,75,,,False,True,2023-12-31 19:00:00,6
2023-12-31 20:00:00,23,8.39,10000.0,7.33,5.97,1022,93,4.12,75,0.14,,False,True,2023-12-31 20:00:00,6
2023-12-31 21:00:00,27,8.97,10000.0,7.58,6.94,1022,91,3.6,75,0.14,,False,True,2023-12-31 21:00:00,6
2023-12-31 22:00:00,31,9.19,10000.0,7.31,6.52,1022,88,5.14,75,,,False,True,2023-12-31 22:00:00,6
2023-12-31 23:00:00,30,8.54,10000.0,7.16,7.44,1022,91,2.06,75,,,False,True,2023-12-31 23:00:00,6
2024-01-01 00:00:00,25,7.94,10000.0,6.4,5.97,1022,90,3.1,20,,,False,True,2024-01-01 00:00:00,0
2024-01-01 01:00:00,23,7.27,,6.06,5.17,1023,92,3.09,99,,,False,True,2024-01-01 01:00:00,0
2024-01-01 02:00:00,28,6.56,10000.0,5.82,4.32,1023,95,3.09,75,,,False,True,2024-01-01 02:00:00,0
2024-01-01 03:00:00,0,6.03,10000.0,5.29,4.04,1023,95,2.6,75,,,False,True,2024-01-01 03:00:00,0
2024-01-01 04:00:00,3,5.53,10000.0,4.94,3.93,1023,96,2.06,75,,,False,True,2024-01-01 04:00:00,0
2024-01-01 05:00:00,3,5.48,10000.0,5.04,3.87,1023,97,2.06,100,,,False,True,2024-01-01 05:00:00,0
2024-01-01 06:00:00,4,5.69,,4.95,2.94,1023,95,3.6,100,,,False,True,2024-01-01 06:00:00,0
2024-01-01 07:00:00,5,5.6,10000.0,5.01,2.53,1023,96,4.12,100,,,False,True,2024-01-01 07:00:00,0
2024-01-01 08:00:00,7,4.95,10000.0,4.37,3.21,1023,96,2.1,75,,,False,True,2024-01-01 08:00:00,0
2024-01-01 09:00:00,9,4.98,10000.0,4.4,3.24,1024,96,2.1,100,,,False,True,2024-01-01 09:00:00,0
2024-01-01 10:00:00,12,4.48,10000.0,4.05,1.81,1024,97,3.09,100,,,False,True,2024-01-01 10:00:00,0
2024-01-01 11:00:00,9,4.52,10000.0,3.94,2.75,1024,96,2.06,100,,,False,True,2024-01-01 11:00:00,0
2024-01-01 12:00:00,7,4.06,10000.0,3.63,1.7,1024,97,2.6,40,,,False,True,2024-01-01 12:00:00,0
2024-01-01 13:00:00,2,3.96,,3.38,0.83,1023,96,3.6,80,,,False,True,2024-01-01 13:00:00,0
2024-01-01 14:00:00,3,3.43,10000.0,3.0,-0.43,1023,97,4.63,100,,,False,True,2024-01-01 14:00:00,0
2024-01-01 15:00:00,0,3.0,400.0,2.57,0.03,1023,97,3.1,20,,,False,True,2024-01-01 15:00:00,0
2024-01-01 16:00:00,2,2.75,10000.0,2.32,0.17,1023,97,2.57,40,,,False,True,2024-01-01 16:00:00,0
2024-01-01 17:00:00,3,3.56,,2.84,0.71,1024,95,3.09,23,,,False,True,2024-01-01 17:00:00,0
2024-01-01 18:00:00,2,4.77,,4.04,4.77,1024,95,1.03,6,,,False,True,2024-01-01 18:00:00,0
2024-01-01 19:00:00,1,5.33,10000.0,4.44,5.33,1024,94,1.03,75,,,False,True,2024-01-01 19:00:00,0
2024-01-01 20:00:00,2,5.74,10000.0,4.85,4.74,1023,94,1.54,100,,,False,True,2024-01-01 20:00:00,0
2024-01-01 21:00:00,9,6.11,10000.0,4.91,6.11,1023,92,1.0,40,,,False,True,2024-01-01 21:00:00,0
2024-01-01 22:00:00,13,6.12,10000.0,4.76,4.58,1023,91,2.1,75,,,False,True,2024-01-01 22:00:00,0
2024-01-01 23:00:00,10,6.23,10000.0,4.87,4.74,1023,91,2.06,75,,,False,True,2024-01-01 23:00:00,0
2024-01-02 00:00:00,12,5.7,10000.0,4.35,5.7,1023,91,1.03,40,,,False,False,2024-01-02 00:00:00,1
2024-01-02 01:00:00,12,5.37,,4.33,5.37,1023,93,0.51,98,,,False,False,2024-01-02 01:00:00,1
2024-01-02 02:00:00,11,5.04,10000.0,4.16,3.35,1022,94,2.06,75,,,False,False,2024-01-02 02:00:00,1
2024-01-02 03:00:00,11,5.35,10000.0,4.16,2.86,1022,92,3.1,75,,,False,False,2024-01-02 03:00:00,1
2024-01-02 04:00:00,12,4.94,10000.0,3.75,3.24,1021,92,2.06,75,,,False,False,2024-01-02 04:00:00,1
2024-01-02 05:00:00,12,4.83,10000.0,3.95,3.11,1021,94,2.06,75,,,False,False,2024-01-02 05:00:00,1
2024-01-02 06:00:00,24,4.68,10000.0,3.8,2.89,1020,94,2.1,20,,,False,False,2024-01-02 06:00:00,1
2024-01-02 07:00:00,104,4.67,10000.0,3.94,2.45,1020,95,2.57,100,,,False,False,2024-01-02 07:00:00,1
2024-01-02 08:00:00,147,4.91,10000.0,4.03,4.91,1020,94,1.03,100,,,False,False,2024-01-02 08:00:00,1
2024-01-02 09:00:00,220,4.9,10000.0,4.02,4.9,1019,94,1.03,100,,,False,False,2024-01-02 09:00:00,1
2024-01-02 10:00:00,242,4.96,10000.0,4.23,3.85,1019,95,1.54,100,,,False,False,2024-01-02 10:00:00,1
2024-01-02 11:00:00,261,5.18,,4.14,3.52,1019,93,2.06,100,,,False,False,2024-01-02 11:00:00,1
2024-01-02 12:00:00,259,4.95,10000.0,4.07,3.21,1018,94,2.1,100,,,False,False,2024-01-02 12:00:00,1
2024-01-02 13:00:00,272,5.02,10000.0,3.98,5.02,1017,93,1.03,100,,,False,False,2024-01-02 13:00:00,1
2024-01-02 14:00:00,273,5.1,10000.0,4.22,3.38,1016,94,2.1,100,,,False,False,2024-01-02 14:00:00,1
2024-01-02 15:00:00,228,5.3,10000.0,4.26,3.62,1015,93,2.1,75,0.15,,False,False,2024-01-02 15:00:00,1
2024-01-02 16:00:00,154,5.69,10000.0,4.65,2.64,1015,93,4.12,100,0.15,,False,False,2024-01-02 16:00:00,1
2024-01-02 17:00:00,55,5.83,10000.0,4.63,2.81,1016,92,4.12,100,0.6,,False,False,2024-01-02 17:00:00,1
2024-01-02 18:00:00,14,6.13,10000.0,4.77,3.77,1016,91,3.13,100,0.18,,False,False,2024-01-02 18:00:00,1
2024-01-02 19:00:00,1,6.47,10000.0,4.79,3.35,1015,89,4.63,100,0.18,,False,False,2024-01-02 19:00:00,1
2024-01-02 20:00:00,3,6.51,10000.0,5.15,2.22,1015,91,7.72,100,0.2,,False,False,2024-01-02 20:00:00,1
2024-01-02 21:00:00,3,6.73,10000.0,5.52,3.02,1014,92,6.2,100,0.39,,False,False,2024-01-02 21:00:00,1
2024-01-02 22:00:00,5,6.84,10000.0,6.1,3.58,1013,95,5.14,100,0.25,,False,False,2024-01-02 22:00:00,1
2024-01-02 23:00:00,8,7.02,10000.0,6.28,3.8,1013,95,5.14,100,0.76,,False,False,2024-01-02 23:00:00,1
2024-01-03 00:00:00,6,6.86,10000.0,6.12,3.83,1013,95,4.63,100,0.64,,False,False,2024-01-03 00:00:00,2
2024-01-03 01:00:00,1,6.76,10000.0,6.17,3.07,1013,96,6.17,100,0.67,,False,False,2024-01-03 01:00:00,2
2024-01-03 02:00:00,0,6.87,10000.0,6.28,3.61,1013,96,5.14,100,0.51,,False,False,2024-01-03 02:00:00,2
2024-01-03 03:00:00,1,6.8,10000.0,6.36,4.29,1013,97,3.6,100,1.78,,False,False,2024-01-03 03:00:00,2
2024-01-03 04:00:00,0,6.4,10000.0,5.96,3.26,1013,97,4.63,100,1.65,,False,False,2024-01-03 04:00:00,2
2024-01-03 05:00:00,0,6.53,10000.0,6.09,4.28,1013,97,3.09,100,1.78,,False,False,2024-01-03 05:00:00,2
2024-01-03 06:00:00,11,6.53,10000.0,6.09,5.64,1013,97,1.54,100,1.27,,False,False,2024-01-03 06:00:00,2
2024-01-03 07:00:00,80,6.52,10000.0,6.08,6.52,1013,97,1.03,100,0.25,,False,False,2024-01-03 07:00:00,2
2024-01-03 08:00:00,129,6.47,,5.88,6.47,1013,96,0.51,100,0.42,,False,False,2024-01-03 08:00:00,2
2024-01-03 09:00:00,200,6.15,10000.0,5.71,3.83,1013,97,3.09,100,0.42,,False,False,2024-01-03 09:00:00,2
2024-01-03 10:00:00,227,6.28,10000.0,5.84,5.36,1013,97,1.54,100,0.36,,False,False,2024-01-03 10:00:00,2
2024-01-03 11:00:00,233,6.29,,5.85,4.81,1013,97,2.06,94,0.17,,False,False,2024-01-03 11:00:00,2
2024-01-03 12:00:00,234,6.36,,5.92,3.76,1013,97,3.6,62,0.25,,False,False,2024-01-03 12:00:00,2
2024-01-03 13:00:00,249,6.24,10000.0,5.8,4.75,1013,97,2.06,100,,,False,False,2024-01-03 13:00:00,2
2024-01-03 14:00:00,235,6.35,10000.0,5.91,6.35,1013,97,1.03,100,0.16,,False,False,2024-01-03 14:00:00,2
2024-01-03 15:00:00,198,6.4,10000.0,5.96,5.49,1013,97,1.54,100,0.13,,False,False,2024-01-03 15:00:00,2
2024-01-03 16:00:00,129,6.07,10000.0,5.63,4.83,1014,97,1.79,40,,,False,False,2024-01-03 16:00:00,2
2024-01-03 17:00:00,58,6.42,10000.0,5.83,4.15,1014,96,3.09,75,0.15,,False,False,2024-01-03 17:00:00,2
2024-01-03 18:00:00,13,7.16,10000.0,6.72,4.73,1015,97,3.6,75,,,False,False,2024-01-03 18:00:00,2
2024-01-03 19:00:00,1,7.84,10000.0,6.94,6.21,1015,94,2.57,75,,,False,False,2024-01-03 19:00:00,2
2024-01-03 20:00:00,0,8.37,10000.0,7.46,5.94,1015,94,4.12,75,,,False,False,2024-01-03 20:00:00,2
2024-01-03 21:00:00,1,9.3,10000.0,8.23,7.62,1015,93,3.09,75,,,False,False,2024-01-03 21:00:00,2
2024-01-03 22:00:00,4,9.44,10000.0,7.72,6.84,1015,89,5.14,75,0.11,,False,False,2024-01-03 22:00:00,2
2024-01-03 23:00:00,2,9.39,10000.0,7.51,6.77,1015,88,5.14,75,,,False,False,2024-01-03 23:00:00,2
2024-01-04 00:00:00,4,9.0,10000.0,7.45,6.49,1015,90,4.63,100,0.13,,False,False,2024-01-04 00:00:00,3
2024-01-04 01:00:00,5,8.54,10000.0,7.32,5.33,1016,92,6.17,100,0.15,,False,False,2024-01-04 01:00:00,3
2024-01-04 02:00:00,3,8.18,10000.0,6.96,5.06,1016,92,5.66,100,0.24,,False,False,2024-01-04 02:00:00,3
2024-01-04 03:00:00,3,7.86,10000.0,6.8,4.29,1016,93,6.69,100,0.28,,False,False,2024-01-04 03:00:00,3
2024-01-04 04:00:00,1,7.43,10000.0,6.68,4.11,1017,95,5.66,100,0.37,,False,False,2024-01-04 04:00:00,3
2024-01-04 05:00:00,1,7.28,10000.0,6.69,3.92,1017,96,5.66,100,0.46,,False,False,2024-01-04 05:00:00,3
2024-01-04 06:00:00,14,7.28,10000.0,6.69,3.73,1017,96,6.17,100,0.68,,False,False,2024-01-04 06:00:00,3
2024-01-04 07:00:00,88,7.28,10000.0,6.69,3.22,1017,96,7.72,100,0.5,,False,False,2024-01-04 07:00:00,3
2024-01-04 08:00:00,128,7.28,10000.0,6.69,3.22,1017,96,7.72,100,0.7,,False,False,2024-01-04 08:00:00,3
2024-01-04 09:00:00,204,7.28,10000.0,6.84,3.07,1017,97,8.23,100,0.25,,False,False,2024-01-04 09:00:00,3
2024-01-04 10:00:00,236,7.28,10000.0,6.84,2.93,1017,97,8.75,100,0.25,,False,False,2024-01-04 10:00:00,3
2024-01-04 11:00:00,247,7.28,10000.0,6.84,3.92,1018,97,5.66,100,0.51,,False,False,2024-01-04 11:00:00,3
2024-01-04 12:00:00,249,6.52,10000.0,6.08,3.18,1017,97,5.14,100,3.05,,False,False,2024-01-04 12:00:00,3
2024-01-04 13:00:00,247,6.71,10000.0,6.42,3.2,1017,98,5.66,100,2.42,,False,False,2024-01-04 13:00:00,3
2024-01-04 14:00:00,256,6.69,4828.0,6.25,2.62,1017,97,7.2,100,2.92,,False,False,2024-01-04 14:00:00,3
2024-01-04 15:00:00,223,6.54,4828.0,6.25,1.96,1017,98,8.75,100,2.29,,False,False,2024-01-04 15:00:00,3
2024-01-04 16:00:00,155,6.09,4828.0,5.65,0.71,1017,97,11.32,100,0.64,,False,False,2024-01-04 16:00:00,3
2024-01-04 17:00:00,95,5.92,2414.0,5.48,0.61,1018,97,10.8,100,2.54,,False,False,2024-01-04 17:00:00,3
2024-01-04 18:00:00,41,6.06,2012.0,5.77,2.38,1018,98,5.66,100,2.29,,False,False,2024-01-04 18:00:00,3
2024-01-04 19:00:00,17,6.16,4828.0,5.57,1.77,1018,96,7.72,100,1.78,,False,False,2024-01-04 19:00:00,3
2024-01-04 20:00:00,7,6.13,8047.0,5.69,3.18,1017,97,4.12,75,1.02,,False,False,2024-01-04 20:00:00,3
2024-01-04 21:00:00,0,6.66,10000.0,6.37,4.13,1017,98,3.58,75,0.46,,False,False,2024-01-04 21:00:00,3
2024-01-04 22:00:00,1,7.3,,6.71,4.67,1018,96,4.02,64,0.29,,False,False,2024-01-04 22:00:00,3
2024-01-04 23:00:00,0,7.58,10000.0,6.68,6.32,1019,94,2.06,20,,,False,False,2024-01-04 23:00:00,3
2024-01-05 00:00:00,2,7.52,10000.0,6.62,5.17,1019,94,3.6,20,,,False,False,2024-01-05 00:00:00,4
