Timestamp,temp,visibility,dew_point,feels_like,pressure,wind_speed,clouds,rain,snow
2024-06-13 10:00:00,282.31,10000,279.58,281.8,1020.0,1.54,27,0.0,0.0
2024-06-13 09:00:00,283.07,10000,279.6,282.75,1020.0,1.46,33,0.0,0.0
2024-06-13 08:00:00,283.88,10000,280.57,283.1,1021.0,0.45,42,0.0,0.0
2024-06-13 07:00:00,284.54,10000,280.85,283.77,1021.0,1.03,0,0.0,0.0
2024-06-13 06:00:00,285.34,10000,281.24,284.6,1021.0,1.69,2,0.0,0.0
2024-06-13 05:00:00,286.24,10000,281.11,285.46,1021.0,1.38,0,0.0,0.0
2024-06-13 04:00:00,287.23,10000,281.2,286.44,1021.0,1.54,20,0.0,0.0
2024-06-13 03:00:00,288.49,10000,281.02,287.67,1022.0,2.06,20,0.0,0.0
2024-06-13 02:00:00,289.07,10000,280.83,288.23,1022.0,4.47,20,0.0,0.0
2024-06-13 01:00:00,289.95,10000,280.33,289.07,1023.0,3.09,20,0.0,0.0
2024-06-13 00:00:00,289.83,10000,279.66,288.89,1023.0,4.63,20,0.0,0.0
2024-06-12 23:00:00,290.1,10000,280.19,289.21,1024.0,3.6,20,0.0,0.0
2024-06-12 22:00:00,289.6,10000,280.54,288.74,1024.0,4.92,20,0.0,0.0
2024-06-12 21:00:00,289.16,10000,282.13,288.46,1024.0,5.81,20,0.0,0.0
2024-06-12 20:00:00,288.72,10000,282.17,288.03,1024.0,6.71,20,0.0,0.0
2024-06-12 19:00:00,288.1,10000,282.25,287.43,1024.0,5.81,20,0.0,0.0
2024-06-12 18:00:00,287.88,10000,282.47,287.24,1024.0,5.81,20,0.0,0.0
2024-06-12 17:00:00,286.72,10000,282.58,286.12,1023.0,7.72,75,0.0,0.0
2024-06-12 16:00:00,286.51,10000,282.95,285.96,1023.0,8.23,75,0.0,0.0
2024-06-12 15:00:00,285.1,10000,282.66,284.57,1023.0,9.26,75,0.0,0.0
2024-06-12 14:00:00,284.14,10000,282.23,283.59,1023.0,8.75,75,0.0,0.0
2024-06-12 13:00:00,283.69,10000,281.79,283.1,1022.0,8.75,75,0.0,0.0
2024-06-12 12:00:00,283.84,10000,282.1,283.29,1022.0,10.8,100,0.0,0.0
2024-06-12 11:00:00,283.8,10000,281.9,283.22,1022.0,6.69,100,0.0,0.0
2024-06-12 10:00:00,284.02,10000,281.94,283.43,1022.0,4.12,75,0.0,0.0
2024-06-12 09:00:00,284.59,10000,281.81,283.96,1021.0,3.58,89,0.0,0.0
2024-06-12 08:00:00,284.59,10000,281.45,283.9,1021.0,4.63,75,0.0,0.0
2024-06-12 07:00:00,284.79,10000,281.46,284.1,1021.0,4.63,20,0.0,0.0
2024-06-12 06:00:00,285.73,10000,282.0,285.08,1021.0,4.63,40,0.0,0.0
2024-06-12 05:00:00,285.8,10000,281.49,285.08,1020.0,5.66,20,0.0,0.0
2024-06-12 04:00:00,286.85,10000,281.69,286.13,1019.0,5.66,75,0.0,0.0
2024-06-12 03:00:00,287.01,10000,280.99,286.2,1019.0,7.72,40,0.0,0.0
2024-06-12 02:00:00,288.15,10000,280.94,287.32,1018.0,8.75,75,0.0,0.0
2024-06-12 01:00:00,288.81,10000,281.32,288.02,1018.0,8.75,40,0.0,0.0
2024-06-12 00:00:00,289.32,10000,281.31,288.53,1018.0,10.29,20,0.0,0.0
2024-06-11 23:00:00,290.19,10000,281.36,289.41,1017.0,9.26,20,0.0,0.0
2024-06-11 22:00:00,291.46,10000,282.0,290.76,1017.0,8.75,20,0.0,0.0
2024-06-11 21:00:00,291.21,10000,282.04,290.51,1015.0,2.68,18,0.0,0.0
2024-06-11 20:00:00,290.82,10000,282.97,290.21,1015.0,6.69,20,0.0,0.0
2024-06-11 19:00:00,289.62,10000,283.7,289.1,1015.0,5.66,75,0.0,0.0
2024-06-11 18:00:00,287.7,10000,283.91,287.25,1015.0,10.29,75,0.0,0.0
2024-06-11 17:00:00,287.24,10000,284.22,286.85,1014.0,8.23,75,0.0,0.0
2024-06-11 16:00:00,286.27,10000,284.5,285.96,1014.0,7.72,75,0.0,0.0
2024-06-11 15:00:00,286.43,10000,284.83,286.16,1014.0,5.66,100,0.0,0.0
2024-06-11 14:00:00,286.03,10000,284.93,285.8,1013.0,4.12,75,0.0,0.0
2024-06-11 13:00:00,286.55,10000,285.11,286.32,1013.0,2.57,100,2.05,0.0
2024-06-11 12:00:00,286.71,10000,285.1,286.47,1013.0,2.57,100,2.73,0.0
2024-06-11 11:00:00,287.14,10000,285.01,286.87,1013.0,4.12,100,0.86,0.0
2024-06-11 10:00:00,287.91,10000,284.69,287.56,1013.0,4.63,100,0.0,0.0
2024-06-11 09:00:00,288.21,10000,284.98,287.89,1013.0,4.63,100,0.0,0.0
2024-06-11 08:00:00,288.54,10000,284.14,288.09,1014.0,3.6,100,0.0,0.0
2024-06-11 07:00:00,287.68,10000,282.9,287.09,1014.0,4.12,100,0.0,0.0
2024-06-11 06:00:00,287.75,10000,284.15,287.33,1014.0,4.1,99,0.0,0.0
2024-06-11 05:00:00,288.44,10000,284.44,288.04,1015.0,0.45,99,0.0,0.0
2024-06-11 04:00:00,288.29,10000,283.9,287.82,1014.0,0.45,99,0.0,0.0
2024-06-11 03:00:00,290.04,10000,284.54,289.61,1015.0,4.63,20,0.0,0.0
2024-06-11 02:00:00,291.19,10000,284.98,290.8,1016.0,4.12,40,0.0,0.0
2024-06-11 01:00:00,291.53,10000,284.37,291.07,1017.0,3.6,20,0.0,0.0
2024-06-11 00:00:00,292.4,10000,284.45,291.95,1017.0,1.34,67,0.0,0.0
2024-06-10 23:00:00,292.01,10000,283.83,291.49,1019.0,2.24,68,0.0,0.0
2024-06-10 22:00:00,292.12,10000,283.94,291.61,1019.0,2.68,62,0.0,0.0
2024-06-10 21:00:00,291.14,10000,283.76,290.61,1020.0,2.68,77,0.0,0.0
2024-06-10 20:00:00,290.44,10000,283.81,289.92,1021.0,2.24,81,0.0,0.0
2024-06-10 19:00:00,288.51,10000,282.86,287.9,1020.0,3.58,75,0.0,0.0
2024-06-10 18:00:00,288.31,10000,282.88,287.71,1021.0,7.2,75,0.0,0.0
2024-06-10 17:00:00,287.37,10000,282.81,286.78,1021.0,7.2,75,0.0,0.0
2024-06-10 16:00:00,286.18,10000,282.44,285.58,1021.0,7.72,75,0.0,0.0
2024-06-10 15:00:00,285.02,10000,282.05,284.4,1020.0,6.17,100,0.0,0.0
2024-06-10 14:00:00,284.85,10000,281.88,284.22,1020.0,8.23,75,0.0,0.0
2024-06-10 13:00:00,284.48,10000,281.88,283.86,1020.0,7.72,75,0.0,0.0
2024-06-10 12:00:00,284.24,10000,281.99,283.65,1019.0,8.75,100,0.0,0.0
2024-06-10 11:00:00,284.78,10000,282.17,284.19,1019.0,9.77,20,0.0,0.0
2024-06-10 10:00:00,285.42,10000,282.8,284.9,1018.0,9.26,75,0.0,0.0
2024-06-10 09:00:00,285.87,10000,283.06,285.36,1017.0,9.26,100,0.0,0.0
2024-06-10 08:00:00,286.66,10000,283.28,286.16,1017.0,6.17,75,0.0,0.0
2024-06-10 07:00:00,287.31,10000,283.91,286.87,1016.0,7.72,75,0.0,0.0
2024-06-10 06:00:00,287.43,10000,284.22,287.03,1015.0,2.24,10,0.0,0.0
2024-06-10 05:00:00,288.12,10000,284.32,287.71,1015.0,6.69,20,0.0,0.0
2024-06-10 04:00:00,289.59,10000,284.53,289.17,1015.0,5.66,20,0.0,0.0
2024-06-10 03:00:00,292.13,10000,284.69,291.7,1015.0,3.6,20,0.0,0.0
2024-06-10 02:00:00,293.8,10000,284.45,293.36,1015.0,5.14,20,0.0,0.0
2024-06-10 01:00:00,294.34,10000,285.22,293.98,1015.0,3.6,20,0.0,0.0
2024-06-10 00:00:00,294.86,10000,284.58,294.44,1015.0,4.12,20,0.0,0.0
2024-06-09 23:00:00,294.92,10000,283.75,294.43,1015.0,3.09,20,0.0,0.0
2024-06-09 22:00:00,294.52,10000,284.27,294.07,1015.0,4.63,40,0.0,0.0
2024-06-09 21:00:00,294.33,10000,284.66,293.91,1015.0,4.63,40,0.0,0.0
2024-06-09 20:00:00,293.38,10000,284.6,292.95,1015.0,3.6,20,0.0,0.0
2024-06-09 19:00:00,293.06,10000,284.3,292.59,1015.0,4.63,40,0.0,0.0
2024-06-09 18:00:00,292.44,10000,284.49,291.99,1015.0,7.2,40,0.0,0.0
2024-06-09 17:00:00,291.38,10000,284.23,290.9,1015.0,4.63,75,0.0,0.0
2024-06-09 16:00:00,290.2,10000,283.58,289.66,1014.0,3.6,40,0.0,0.0
2024-06-09 15:00:00,288.85,10000,282.75,288.23,1014.0,3.09,40,0.0,0.0
2024-06-09 14:00:00,288.05,10000,282.85,287.45,1014.0,3.6,75,0.0,0.0
2024-06-09 13:00:00,286.73,10000,282.39,286.1,1014.0,6.17,75,0.0,0.0
2024-06-09 12:00:00,286.75,10000,282.41,286.12,1013.0,6.69,75,0.0,0.0
2024-06-09 11:00:00,286.74,10000,282.2,286.09,1013.0,4.12,75,0.0,0.0
2024-06-09 10:00:00,287.85,10000,282.44,287.2,1013.0,2.57,75,0.0,0.0
2024-06-09 09:00:00,288.2,10000,282.78,287.59,1013.0,1.54,75,0.0,0.0
2024-06-09 08:00:00,288.68,10000,283.24,288.12,1012.0,3.09,75,0.0,0.0
2024-06-09 07:00:00,290.13,10000,283.51,289.58,1012.0,3.28,89,0.0,0.0
2024-06-09 06:00:00,290.47,10000,282.89,289.85,1012.0,2.97,96,0.0,0.0
2024-06-09 05:00:00,290.53,10000,281.94,289.81,1012.0,6.17,75,0.0,0.0
2024-06-09 04:00:00,292.29,10000,283.84,291.77,1012.0,2.24,100,0.0,0.0
2024-06-09 03:00:00,292.98,10000,284.22,292.51,1011.0,4.12,75,0.0,0.0
2024-06-09 02:00:00,293.08,10000,285.09,292.7,1012.0,4.12,75,0.0,0.0
2024-06-09 01:00:00,294.57,10000,284.02,294.1,1012.0,2.06,75,0.0,0.0
2024-06-09 00:00:00,295.57,10000,286.37,295.33,1012.0,3.09,75,0.0,0.0
2024-06-08 23:00:00,296.0,10000,285.64,295.7,1012.0,4.12,75,0.0,0.0
2024-06-08 22:00:00,295.51,10000,286.04,295.24,1012.0,4.63,75,0.0,0.0
2024-06-08 21:00:00,294.85,10000,284.86,294.46,1013.0,4.63,75,0.0,0.0
2024-06-08 20:00:00,294.15,10000,285.05,293.77,1013.0,4.12,75,0.0,0.0
2024-06-08 19:00:00,293.36,10000,285.35,293.0,1013.0,5.81,20,0.0,0.0
2024-06-08 18:00:00,292.63,10000,284.67,292.2,1013.0,5.36,40,0.0,0.0
2024-06-08 17:00:00,291.76,10000,284.34,291.3,1013.0,4.92,75,0.0,0.0
2024-06-08 16:00:00,290.47,10000,284.29,290.01,1013.0,3.09,40,0.0,0.0
2024-06-08 15:00:00,289.43,10000,284.38,288.99,1013.0,3.6,75,0.0,0.0
2024-06-08 14:00:00,287.96,10000,282.97,287.38,1013.0,4.12,75,0.0,0.0
2024-06-08 13:00:00,285.81,10000,281.5,285.09,1012.0,3.09,40,0.0,0.0
2024-06-08 12:00:00,285.68,10000,280.57,284.84,1012.0,2.57,20,0.0,0.0
2024-06-08 11:00:00,285.18,10000,280.89,284.4,1012.0,3.6,0,0.0,0.0
2024-06-08 10:00:00,285.91,10000,280.79,285.1,1012.0,4.12,0,0.0,0.0
2024-06-08 09:00:00,286.81,10000,281.45,286.06,1012.0,6.69,0,0.0,0.0
2024-06-08 08:00:00,287.3,10000,282.74,286.7,1011.0,6.69,0,0.0,0.0
2024-06-08 07:00:00,287.9,10000,282.49,287.26,1011.0,6.17,0,0.0,0.0
2024-06-08 06:00:00,288.64,10000,283.2,288.07,1011.0,7.2,0,0.0,0.0
2024-06-08 05:00:00,290.34,10000,283.0,289.73,1011.0,6.69,20,0.0,0.0
2024-06-08 04:00:00,291.3,10000,282.91,290.69,1011.0,8.23,20,0.0,0.0
2024-06-08 03:00:00,292.87,10000,283.85,292.36,1012.0,7.2,20,0.0,0.0
2024-06-08 02:00:00,294.37,10000,283.54,293.85,1012.0,8.49,20,0.0,0.0
2024-06-08 01:00:00,294.87,10000,282.43,294.27,1013.0,8.05,40,0.0,0.0
2024-06-08 00:00:00,294.29,10000,283.17,293.74,1014.0,9.39,20,0.0,0.0
2024-06-07 23:00:00,293.79,10000,284.44,293.35,1015.0,8.23,20,0.0,0.0
2024-06-07 22:00:00,293.14,10000,284.11,292.66,1015.0,8.23,20,0.0,0.0
2024-06-07 21:00:00,292.46,10000,283.47,291.91,1016.0,8.23,20,0.0,0.0
2024-06-07 20:00:00,291.81,10000,284.15,291.32,1017.0,8.75,20,0.0,0.0
2024-06-07 19:00:00,290.75,10000,283.87,290.24,1017.0,8.23,20,0.0,0.0
2024-06-07 18:00:00,290.33,10000,283.47,289.77,1017.0,7.15,26,0.0,0.0
2024-06-07 17:00:00,289.42,10000,282.61,288.77,1017.0,7.15,13,0.0,0.0
2024-06-07 16:00:00,288.14,10000,282.51,287.5,1019.0,8.75,20,0.0,0.0
2024-06-07 15:00:00,286.8,10000,282.46,286.18,1019.0,8.75,0,0.0,0.0
2024-06-07 14:00:00,286.09,10000,282.35,285.48,1019.0,7.72,0,0.0,0.0
2024-06-07 13:00:00,282.93,10000,280.53,279.9,1019.0,6.69,0,0.0,0.0
2024-06-07 12:00:00,282.57,10000,280.01,282.57,1019.0,1.03,0,0.0,0.0
2024-06-07 11:00:00,282.84,10000,280.1,282.84,1019.0,1.03,0,0.0,0.0
2024-06-07 10:00:00,283.53,10000,280.23,282.71,1019.0,1.54,0,0.0,0.0
2024-06-07 09:00:00,283.68,10000,280.01,282.83,1018.0,0.89,0,0.0,0.0
2024-06-07 08:00:00,284.64,10000,280.37,283.8,1018.0,9.77,0,0.0,0.0
2024-06-07 07:00:00,285.52,10000,281.22,284.77,1018.0,2.06,0,0.0,0.0
2024-06-07 06:00:00,286.43,10000,281.7,285.72,1018.0,8.75,20,0.0,0.0
2024-06-07 05:00:00,287.45,10000,282.06,286.76,1017.0,7.72,20,0.0,0.0
2024-06-07 04:00:00,287.91,10000,282.07,287.22,1017.0,8.75,20,0.0,0.0
2024-06-07 03:00:00,289.08,10000,282.97,288.48,1017.0,6.17,20,0.0,0.0
2024-06-07 02:00:00,290.34,10000,283.0,289.73,1018.0,5.66,20,0.0,0.0
2024-06-07 01:00:00,290.74,10000,282.89,290.12,1018.0,7.15,20,0.0,0.0
2024-06-07 00:00:00,291.26,10000,283.63,290.72,1019.0,5.81,20,0.0,0.0
2024-06-06 23:00:00,290.87,10000,283.26,290.29,1019.0,6.26,35,0.0,0.0
2024-06-06 22:00:00,291.6,10000,282.13,290.91,1019.0,7.15,41,0.0,0.0
2024-06-06 21:00:00,290.26,10000,283.86,289.75,1020.0,6.71,75,0.0,0.0
2024-06-06 20:00:00,289.68,10000,283.31,289.11,1020.0,6.71,75,0.0,0.0
2024-06-06 19:00:00,289.02,10000,283.56,288.49,1020.0,7.6,75,0.0,0.0
2024-06-06 18:00:00,287.76,10000,282.57,287.13,1021.0,8.75,75,0.0,0.0
2024-06-06 17:00:00,287.89,10000,282.27,287.22,1021.0,6.71,75,0.0,0.0
2024-06-06 16:00:00,286.64,10000,281.9,285.95,1021.0,6.69,75,0.0,0.0
2024-06-06 15:00:00,286.27,10000,282.14,285.62,1021.0,6.69,75,0.0,0.0
2024-06-06 14:00:00,283.8,10000,281.04,283.09,1022.0,6.69,75,0.0,0.0
2024-06-06 13:00:00,282.89,10000,280.32,280.18,1021.0,5.66,75,0.0,0.0
2024-06-06 12:00:00,282.54,10000,279.98,282.06,1021.0,1.54,40,0.0,0.0
2024-06-06 11:00:00,282.94,10000,279.84,282.94,1022.0,0.51,75,0.0,0.0
2024-06-06 10:00:00,282.88,10000,279.78,282.88,1022.0,0.51,40,0.0,0.0
2024-06-06 09:00:00,282.62,10000,279.71,282.15,1021.0,1.54,20,0.0,0.0
2024-06-06 08:00:00,283.35,10000,279.69,282.46,1021.0,1.03,20,0.0,0.0
2024-06-06 07:00:00,284.11,10000,280.05,283.25,1022.0,1.03,0,0.0,0.0
2024-06-06 06:00:00,284.64,10000,280.37,283.8,1022.0,2.57,0,0.0,0.0
2024-06-06 05:00:00,285.5,10000,280.6,284.67,1022.0,2.57,20,0.0,0.0
2024-06-06 04:00:00,286.43,10000,280.87,285.62,1021.0,1.03,58,0.0,0.0
2024-06-06 03:00:00,287.84,10000,281.11,287.04,1022.0,2.68,40,0.0,0.0
2024-06-06 02:00:00,288.71,10000,281.23,287.91,1022.0,4.47,20,0.0,0.0
2024-06-06 01:00:00,289.38,10000,281.12,288.57,1023.0,4.63,40,0.0,0.0
2024-06-06 00:00:00,288.85,10000,281.12,288.04,1024.0,4.47,40,0.0,0.0
2024-06-05 23:00:00,289.16,10000,281.16,288.36,1024.0,4.63,75,0.0,0.0
2024-06-05 22:00:00,288.53,10000,279.81,287.59,1024.0,4.02,75,0.0,0.0
2024-06-05 21:00:00,288.99,10000,280.24,288.09,1024.0,3.6,75,0.0,0.0
2024-06-05 20:00:00,288.73,10000,280.76,287.88,1024.0,4.63,40,0.0,0.0
2024-06-05 19:00:00,287.6,10000,280.42,286.72,1024.0,4.12,20,0.0,0.0
2024-06-05 18:00:00,287.93,10000,280.96,287.11,1024.0,4.12,40,0.0,0.0
2024-06-05 17:00:00,287.09,10000,281.5,286.34,1024.0,3.6,75,0.0,0.0
2024-06-05 16:00:00,285.79,10000,281.28,285.04,1024.0,3.6,75,0.0,0.0
2024-06-05 15:00:00,284.56,10000,281.05,283.82,1023.0,4.12,20,0.0,0.0
2024-06-05 14:00:00,283.9,10000,280.96,283.17,1022.0,4.12,20,0.0,0.0
2024-06-05 13:00:00,282.56,10000,280.51,280.9,1022.0,3.09,75,0.0,0.0
2024-06-05 12:00:00,282.16,10000,280.28,279.88,1021.0,4.12,75,0.0,0.0
2024-06-05 11:00:00,281.84,10000,279.97,280.03,1021.0,3.09,75,0.0,0.0
2024-06-05 10:00:00,282.03,10000,279.82,281.48,1020.0,1.54,20,0.0,0.0
2024-06-05 09:00:00,282.59,10000,280.2,281.64,1020.0,2.06,75,0.0,0.0
2024-06-05 08:00:00,283.27,10000,280.52,282.5,1019.0,4.12,40,0.0,0.0
2024-06-05 07:00:00,283.65,10000,280.71,282.9,1018.0,5.14,40,0.0,0.0
2024-06-05 06:00:00,284.4,10000,280.71,283.62,1018.0,6.17,20,0.0,0.0
2024-06-05 05:00:00,284.59,10000,280.51,283.77,1017.0,5.14,75,0.0,0.0
2024-06-05 04:00:00,285.6,10000,280.9,284.81,1016.0,6.17,20,0.0,0.0
2024-06-05 03:00:00,287.05,10000,281.03,286.25,1015.0,7.72,20,0.0,0.0
2024-06-05 02:00:00,287.8,10000,281.52,287.04,1014.0,7.72,20,0.0,0.0
2024-06-05 01:00:00,288.05,10000,281.76,287.32,1013.0,8.23,40,0.0,0.0
2024-06-05 00:00:00,288.41,10000,281.18,287.61,1012.0,7.72,40,0.0,0.0
2024-06-04 23:00:00,289.82,10000,281.27,289.03,1012.0,5.66,40,0.0,0.0
2024-06-04 22:00:00,289.19,10000,280.94,288.36,1011.0,6.69,20,0.0,0.0
2024-06-04 21:00:00,288.57,10000,281.8,287.84,1010.0,5.66,75,0.0,0.0
2024-06-04 20:00:00,288.17,10000,282.75,287.56,1010.0,6.69,75,0.0,0.0
2024-06-04 19:00:00,287.04,10000,283.84,286.6,1009.0,6.17,75,0.0,0.0
2024-06-04 18:00:00,286.19,10000,284.59,285.9,1008.0,9.77,75,0.0,0.0
2024-06-04 17:00:00,284.9,9656,283.97,284.58,1007.0,11.83,75,0.0,0.0
2024-06-04 16:00:00,284.79,10000,283.7,284.44,1007.0,14.92,75,0.0,0.0
2024-06-04 15:00:00,284.11,9656,283.18,283.72,1007.0,16.46,75,0.0,0.0
2024-06-04 14:00:00,283.21,4828,282.45,282.75,1007.0,13.38,100,3.16,0.0
2024-06-04 13:00:00,282.88,8047,282.27,278.55,1007.0,12.35,100,1.78,0.0
2024-06-04 12:00:00,282.71,10000,281.95,278.32,1008.0,12.35,100,4.86,0.0
2024-06-04 11:00:00,283.02,10000,282.26,278.65,1009.0,12.86,100,0.0,0.0
2024-06-04 10:00:00,283.12,10000,282.36,278.96,1009.0,11.83,100,0.0,0.0
2024-06-04 09:00:00,283.4,10000,282.48,282.94,1010.0,10.8,100,0.0,0.0
2024-06-04 08:00:00,283.52,10000,282.6,283.07,1010.0,8.75,100,0.0,0.0
2024-06-04 07:00:00,283.54,10000,282.46,283.06,1011.0,6.69,100,0.0,0.0
2024-06-04 06:00:00,283.61,10000,282.04,283.06,1012.0,7.72,100,0.0,0.0
2024-06-04 05:00:00,284.65,10000,281.51,283.97,1012.0,6.69,100,0.0,0.0
2024-06-04 04:00:00,285.29,10000,281.0,284.52,1011.0,7.2,100,0.0,0.0
2024-06-04 03:00:00,285.67,10000,281.17,284.91,1011.0,6.69,100,0.0,0.0
2024-06-04 02:00:00,284.84,10000,280.95,284.08,1009.0,6.05,100,0.14,0.0
2024-06-04 01:00:00,285.83,10000,280.71,285.01,1008.0,0.45,100,0.0,0.0
2024-06-04 00:00:00,286.75,10000,281.18,285.97,1009.0,6.17,75,0.0,0.0
2024-06-03 23:00:00,288.21,10000,282.79,287.6,1008.0,9.26,75,0.0,0.0
2024-06-03 22:00:00,288.78,10000,283.55,288.25,1007.0,8.75,75,0.0,0.0
2024-06-03 21:00:00,285.98,10000,282.8,285.43,1006.0,7.2,100,0.0,0.0
2024-06-03 20:00:00,286.34,10000,282.97,285.8,1005.0,8.23,100,0.0,0.0
2024-06-03 19:00:00,286.45,10000,282.51,285.85,1004.0,8.23,75,0.0,0.0
2024-06-03 18:00:00,285.31,10000,282.51,284.75,1004.0,9.26,75,0.0,0.0
2024-06-03 17:00:00,284.31,10000,282.06,283.73,1003.0,9.26,100,0.0,0.0
2024-06-03 16:00:00,285.18,10000,282.56,284.63,1001.0,8.75,97,0.0,0.0
2024-06-03 15:00:00,284.81,10000,282.89,284.33,1000.0,6.69,75,0.0,0.0
2024-06-03 14:00:00,284.32,10000,283.55,283.97,998.0,8.23,40,0.0,0.0
2024-06-03 13:00:00,284.06,10000,283.6,283.74,997.0,7.2,75,0.0,0.0
2024-06-03 12:00:00,284.8,10000,284.49,284.58,996.0,5.66,100,3.65,0.0
2024-06-03 11:00:00,284.89,10000,284.43,284.65,997.0,6.17,100,3.16,0.0
2024-06-03 10:00:00,285.02,10000,284.71,284.82,998.0,5.66,100,0.0,0.0
2024-06-03 09:00:00,285.34,10000,284.72,285.12,999.0,7.2,100,0.0,0.0
2024-06-03 08:00:00,285.68,10000,284.74,285.44,1000.0,6.17,100,0.0,0.0
2024-06-03 07:00:00,285.74,10000,284.48,285.46,1000.0,8.23,100,0.0,0.0
2024-06-03 06:00:00,285.91,10000,284.81,285.67,1000.0,8.75,100,0.0,0.0
2024-06-03 05:00:00,285.72,10000,285.26,285.57,1000.0,1.79,100,0.0,0.0
2024-06-03 04:00:00,285.69,10000,285.23,285.53,1000.0,3.58,100,0.0,0.0
2024-06-03 03:00:00,285.21,10000,284.75,285.0,1000.0,9.77,100,0.0,0.0
2024-06-03 02:00:00,284.93,2816,284.47,284.7,1000.0,8.23,100,0.0,0.0
2024-06-03 01:00:00,285.3,10000,284.84,285.1,1001.0,7.72,100,3.65,0.0
2024-06-03 00:00:00,285.5,9656,284.88,285.3,1001.0,8.23,100,0.49,0.0
2024-06-02 23:00:00,285.15,9656,284.69,284.94,1002.0,8.23,100,0.56,0.0
2024-06-02 22:00:00,284.3,6156,283.69,283.98,1003.0,1.79,100,4.45,0.0
2024-06-02 21:00:00,284.6,4828,283.99,284.31,1005.0,5.81,100,2.54,0.0
2024-06-02 20:00:00,285.34,9656,284.4,285.07,1005.0,8.75,100,1.54,0.0
2024-06-02 19:00:00,285.86,9656,285.4,285.72,1006.0,6.17,100,1.78,0.0
2024-06-02 18:00:00,285.74,4828,285.28,285.59,1007.0,3.6,100,0.75,0.0
2024-06-02 17:00:00,285.73,6437,285.27,285.58,1007.0,3.6,100,0.27,0.0
2024-06-02 16:00:00,285.77,4828,284.99,285.57,1008.0,4.12,100,0.0,0.0
2024-06-02 15:00:00,286.12,10000,284.85,285.87,1008.0,5.14,100,0.0,0.0
2024-06-02 14:00:00,286.01,10000,284.91,285.78,1008.0,5.66,100,0.0,0.0
2024-06-02 13:00:00,285.88,10000,284.94,285.66,1009.0,5.66,75,0.0,0.0
2024-06-02 12:00:00,285.78,10000,285.0,285.58,1009.0,5.14,100,0.0,0.0
2024-06-02 11:00:00,285.32,10000,284.7,285.1,1010.0,6.17,75,0.0,0.0
2024-06-02 10:00:00,285.45,10000,284.51,285.19,1011.0,6.17,75,0.0,0.0
2024-06-02 09:00:00,285.82,10000,284.72,285.57,1011.0,5.66,75,0.0,0.0
2024-06-02 08:00:00,286.23,10000,285.29,286.05,1011.0,5.14,75,0.0,0.0
2024-06-02 07:00:00,286.36,10000,285.25,286.16,1012.0,5.14,75,0.0,0.0
2024-06-02 06:00:00,286.74,10000,285.13,286.5,1012.0,5.66,75,0.0,0.0
2024-06-02 05:00:00,286.81,10000,285.03,286.56,1012.0,5.66,75,0.0,0.0
2024-06-02 04:00:00,286.64,10000,284.69,286.34,1012.0,5.14,75,0.0,0.0
2024-06-02 03:00:00,287.15,10000,284.49,286.8,1013.0,4.63,75,0.0,0.0
2024-06-02 02:00:00,288.05,10000,284.44,287.66,1013.0,5.66,75,0.0,0.0
2024-06-02 01:00:00,287.45,10000,284.79,287.13,1013.0,5.14,100,0.0,0.0
2024-06-02 00:00:00,287.7,10000,284.48,287.33,1014.0,4.63,75,0.0,0.0
2024-06-01 23:00:00,289.06,10000,285.04,288.72,1013.0,5.66,100,0.0,0.0
2024-06-01 22:00:00,289.05,10000,285.03,288.71,1013.0,5.14,100,0.0,0.0
2024-06-01 21:00:00,288.8,10000,285.17,288.48,1014.0,3.6,75,0.0,0.0
2024-06-01 20:00:00,287.4,10000,285.27,287.15,1014.0,5.14,100,0.0,0.0
2024-06-01 19:00:00,285.74,10000,284.64,285.48,1014.0,4.12,100,0.0,0.0
2024-06-01 18:00:00,285.31,10000,284.69,285.09,1014.0,4.63,100,0.0,0.0
2024-06-01 17:00:00,284.77,4828,284.15,284.49,1014.0,5.14,100,0.0,0.0
2024-06-01 16:00:00,284.46,6437,283.85,284.15,1014.0,4.12,100,0.0,0.0
2024-06-01 15:00:00,284.45,9656,283.84,284.14,1014.0,3.13,100,0.0,0.0
2024-06-01 14:00:00,284.82,4828,284.2,284.55,1014.0,2.57,100,0.0,0.0
2024-06-01 13:00:00,284.91,6437,284.29,284.65,1014.0,2.24,100,0.0,0.0
2024-06-01 12:00:00,285.32,4023,284.38,285.05,1014.0,2.57,100,0.0,0.0
2024-06-01 11:00:00,285.53,10000,284.43,285.25,1014.0,4.63,100,0.0,0.0
2024-06-01 10:00:00,285.95,10000,284.68,285.69,1014.0,5.14,100,0.0,0.0
2024-06-01 09:00:00,286.11,10000,284.51,285.81,1014.0,5.66,100,0.0,0.0
2024-06-01 08:00:00,286.43,10000,284.66,286.14,1015.0,7.2,100,0.0,0.0
2024-06-01 07:00:00,287.04,10000,283.27,286.52,1015.0,7.2,100,0.0,0.0
2024-06-01 06:00:00,287.27,10000,280.8,286.43,1015.0,3.09,100,0.0,0.0
2024-06-01 05:00:00,287.57,10000,281.53,286.82,1015.0,1.54,75,0.0,0.0
2024-06-01 04:00:00,287.63,10000,281.8,286.91,1016.0,2.06,75,0.0,0.0
2024-06-01 03:00:00,287.62,10000,281.13,286.82,1016.0,3.6,100,0.0,0.0
2024-06-01 02:00:00,288.45,10000,281.46,287.68,1016.0,4.02,75,0.0,0.0
2024-06-01 01:00:00,289.57,10000,280.78,288.73,1017.0,4.47,75,0.0,0.0
2024-06-01 00:00:00,289.89,10000,280.54,289.03,1018.0,3.58,75,0.0,0.0
2024-05-31 23:00:00,289.28,10000,279.98,288.36,1019.0,4.92,75,0.0,0.0
2024-05-31 22:00:00,288.81,10000,280.33,287.92,1020.0,5.81,75,0.0,0.0
2024-05-31 21:00:00,288.69,10000,281.45,287.92,1021.0,5.36,75,0.0,0.0
2024-05-31 20:00:00,287.71,10000,282.31,287.05,1022.0,5.81,75,0.0,0.0
2024-05-31 19:00:00,287.3,10000,282.54,286.68,1022.0,4.47,75,0.0,0.0
2024-05-31 18:00:00,286.29,10000,281.56,285.57,1023.0,5.36,75,0.0,0.0
2024-05-31 17:00:00,286.76,10000,281.4,286.0,1023.0,4.02,75,0.0,0.0
2024-05-31 16:00:00,285.82,10000,280.7,285.0,1023.0,2.57,75,0.0,0.0
2024-05-31 15:00:00,284.54,10000,280.66,283.75,1024.0,3.09,20,0.0,0.0
2024-05-31 14:00:00,283.35,10000,280.42,282.57,1024.0,3.6,20,0.0,0.0
2024-05-31 13:00:00,280.62,10000,279.09,277.98,1024.0,4.12,20,0.0,0.0
2024-05-31 12:00:00,280.46,10000,278.77,278.06,1024.0,3.6,20,0.0,0.0
2024-05-31 11:00:00,280.76,10000,278.9,279.09,1025.0,2.57,20,0.0,0.0
2024-05-31 10:00:00,281.39,10000,279.36,279.2,1025.0,3.6,20,0.0,0.0
2024-05-31 09:00:00,281.95,10000,279.57,279.39,1025.0,4.63,20,0.0,0.0
2024-05-31 08:00:00,282.6,10000,279.69,280.42,1025.0,4.12,20,0.0,0.0
2024-05-31 07:00:00,283.19,10000,279.9,282.34,1025.0,3.09,20,0.0,0.0
2024-05-31 06:00:00,284.11,10000,280.43,283.3,1026.0,2.57,20,0.0,0.0
2024-05-31 05:00:00,284.83,10000,280.55,284.01,1026.0,3.09,20,0.0,0.0
2024-05-31 04:00:00,285.68,10000,280.77,284.87,1026.0,3.6,20,0.0,0.0
2024-05-31 03:00:00,287.23,10000,279.83,286.29,1026.0,4.63,20,0.0,0.0
2024-05-31 02:00:00,288.11,10000,279.67,287.15,1026.0,3.6,40,0.0,0.0
2024-05-31 01:00:00,288.25,10000,279.02,287.23,1027.0,3.09,40,0.0,0.0
2024-05-31 00:00:00,288.46,10000,279.22,287.46,1027.0,4.12,20,0.0,0.0
2024-05-30 23:00:00,288.09,10000,279.65,287.13,1026.0,3.13,26,0.0,0.0
2024-05-30 22:00:00,288.27,10000,280.57,287.4,1028.0,4.92,40,0.0,0.0
2024-05-30 21:00:00,287.18,10000,281.16,286.39,1028.0,4.12,75,0.0,0.0
2024-05-30 20:00:00,287.13,10000,281.75,286.41,1028.0,5.81,40,0.0,0.0
2024-05-30 19:00:00,286.5,10000,281.36,285.74,1029.0,4.92,20,0.0,0.0
2024-05-30 18:00:00,285.62,10000,280.92,284.83,1029.0,4.12,20,0.0,0.0
2024-05-30 17:00:00,284.66,10000,280.77,283.88,1029.0,5.66,20,0.0,0.0
2024-05-30 16:00:00,284.47,10000,281.69,283.82,1029.0,4.12,75,0.0,0.0
2024-05-30 15:00:00,283.76,10000,281.69,283.15,1029.0,4.63,75,0.0,0.0
2024-05-30 14:00:00,282.52,10000,281.13,279.08,1029.0,7.72,75,0.0,0.0
2024-05-30 13:00:00,281.69,10000,280.62,280.59,1028.0,2.06,75,0.0,0.0
2024-05-30 12:00:00,282.36,10000,280.64,279.51,1028.0,5.66,75,0.0,0.0
2024-05-30 11:00:00,282.43,10000,280.71,279.99,1028.0,4.63,75,0.0,0.0
2024-05-30 10:00:00,282.88,10000,280.99,280.77,1028.0,4.12,75,0.0,0.0
2024-05-30 09:00:00,282.98,10000,281.09,280.89,1027.0,4.12,40,0.0,0.0
2024-05-30 08:00:00,282.6,10000,280.88,280.95,1027.0,3.09,20,0.0,0.0
2024-05-30 07:00:00,283.3,10000,281.07,282.62,1027.0,4.12,40,0.0,0.0
2024-05-30 06:00:00,283.87,10000,281.1,283.16,1027.0,3.6,75,0.0,0.0
2024-05-30 05:00:00,284.49,10000,281.17,283.77,1027.0,4.12,75,0.0,0.0
2024-05-30 04:00:00,285.24,10000,280.95,284.46,1026.0,3.6,75,0.0,0.0
2024-05-30 03:00:00,286.08,10000,280.75,285.26,1026.0,3.09,75,0.0,0.0
2024-05-30 02:00:00,286.75,10000,280.53,285.89,1026.0,4.63,20,0.0,0.0
2024-05-30 01:00:00,287.12,10000,280.43,286.24,1025.0,5.81,20,0.0,0.0
2024-05-30 00:00:00,287.43,10000,280.49,286.56,1025.0,5.66,20,0.0,0.0
2024-05-29 23:00:00,287.51,10000,280.57,286.65,1025.0,5.81,20,0.0,0.0
2024-05-29 22:00:00,287.48,10000,280.3,286.59,1025.0,5.36,20,0.0,0.0
2024-05-29 21:00:00,286.93,10000,280.02,286.01,1025.0,6.26,20,0.0,0.0
2024-05-29 20:00:00,286.45,10000,280.02,285.53,1025.0,5.81,20,0.0,0.0
2024-05-29 19:00:00,285.51,10000,280.41,284.66,1024.0,3.09,20,0.0,0.0
2024-05-29 18:00:00,284.87,10000,281.17,284.13,1024.0,2.57,40,0.0,0.0
2024-05-29 17:00:00,283.66,10000,281.76,283.06,1024.0,3.6,75,0.0,0.0
2024-05-29 16:00:00,282.5,10000,281.43,280.55,1024.0,3.6,75,0.0,0.0
2024-05-29 15:00:00,281.97,10000,281.06,280.53,1024.0,2.57,100,0.0,0.0
2024-05-29 14:00:00,281.62,10000,280.4,279.77,1023.0,3.09,100,0.0,0.0
2024-05-29 13:00:00,281.1,10000,279.88,279.49,1023.0,2.57,100,0.0,0.0
2024-05-29 12:00:00,280.52,10000,279.46,278.44,1023.0,3.09,100,0.0,0.0
2024-05-29 11:00:00,280.55,10000,279.18,279.79,1022.0,1.54,75,0.0,0.0
2024-05-29 10:00:00,280.71,10000,278.85,280.71,1022.0,1.03,20,0.0,0.0
2024-05-29 09:00:00,281.63,10000,279.26,279.78,1022.0,3.09,20,0.0,0.0
2024-05-29 08:00:00,282.11,10000,279.56,279.59,1022.0,4.63,20,0.0,0.0
2024-05-29 07:00:00,282.91,10000,279.63,280.2,1021.0,5.66,20,0.0,0.0
2024-05-29 06:00:00,283.41,10000,279.18,282.45,1021.0,6.17,20,0.0,0.0
2024-05-29 05:00:00,284.62,10000,279.35,283.65,1021.0,7.2,75,0.0,0.0
2024-05-29 04:00:00,284.94,10000,280.06,284.05,1020.0,7.2,20,0.0,0.0
2024-05-29 03:00:00,286.14,10000,280.59,285.3,1019.0,7.72,75,0.0,0.0
2024-05-29 02:00:00,286.89,10000,281.1,286.1,1019.0,7.72,20,0.0,0.0
2024-05-29 01:00:00,287.52,10000,280.81,286.68,1018.0,6.17,75,0.0,0.0
2024-05-29 00:00:00,288.24,10000,281.49,287.48,1018.0,5.14,75,0.0,0.0
2024-05-28 23:00:00,287.57,10000,283.2,287.03,1018.0,6.69,75,0.0,0.0
2024-05-28 22:00:00,286.2,10000,284.09,285.83,1018.0,5.14,100,0.0,0.0
2024-05-28 21:00:00,285.32,10000,284.22,285.02,1018.0,6.17,100,0.0,0.0
2024-05-28 20:00:00,285.0,10000,284.07,284.7,1018.0,5.66,100,0.0,0.0
2024-05-28 19:00:00,284.92,10000,283.99,284.61,1018.0,6.17,100,0.24,0.0
2024-05-28 18:00:00,284.58,10000,283.81,284.26,1017.0,6.69,100,0.13,0.0
2024-05-28 17:00:00,284.54,10000,283.93,284.24,1017.0,5.66,100,0.56,0.0
2024-05-28 16:00:00,284.5,9656,284.04,284.22,1017.0,5.14,100,1.33,0.0
2024-05-28 15:00:00,283.94,9656,283.48,283.61,1017.0,4.12,100,1.15,0.0
2024-05-28 14:00:00,284.02,4828,283.56,283.7,1017.0,1.54,100,1.78,0.0
2024-05-28 13:00:00,284.1,9656,283.17,283.71,1017.0,1.03,100,0.65,0.0
2024-05-28 12:00:00,284.54,10000,283.29,284.14,1017.0,1.54,100,0.0,0.0
2024-05-28 11:00:00,284.55,10000,282.64,284.04,1017.0,2.57,100,0.0,0.0
2024-05-28 10:00:00,284.7,10000,282.78,284.21,1017.0,2.57,100,0.0,0.0
2024-05-28 09:00:00,284.71,10000,282.79,284.22,1017.0,2.57,100,0.0,0.0
2024-05-28 08:00:00,284.85,10000,282.93,284.37,1018.0,2.06,100,0.0,0.0
2024-05-28 07:00:00,284.9,10000,282.98,284.43,1018.0,1.03,100,0.0,0.0
2024-05-28 06:00:00,284.99,10000,283.07,284.53,1018.0,1.54,100,0.0,0.0
2024-05-28 05:00:00,285.22,10000,283.3,284.78,1019.0,1.03,100,0.0,0.0
2024-05-28 04:00:00,286.25,10000,283.79,285.83,1019.0,2.57,100,0.0,0.0
2024-05-28 03:00:00,287.35,10000,284.14,286.94,1019.0,3.6,100,0.0,0.0
2024-05-28 02:00:00,288.16,10000,283.97,287.7,1020.0,2.68,100,0.0,0.0
2024-05-28 01:00:00,288.85,10000,283.19,288.28,1020.0,4.12,100,0.0,0.0
2024-05-28 00:00:00,289.33,10000,283.64,288.81,1021.0,4.12,100,0.0,0.0
2024-05-27 23:00:00,288.93,10000,283.48,288.39,1021.0,4.12,100,0.0,0.0
2024-05-27 22:00:00,288.33,10000,283.73,287.84,1021.0,4.63,100,0.0,0.0
2024-05-27 21:00:00,287.77,10000,283.79,287.3,1021.0,2.68,75,0.0,0.0
2024-05-27 20:00:00,287.34,10000,283.75,286.88,1021.0,3.09,40,0.0,0.0
2024-05-27 19:00:00,286.32,10000,283.5,285.86,1021.0,3.09,100,0.0,0.0
2024-05-27 18:00:00,285.85,10000,283.74,285.45,1021.0,4.63,100,0.0,0.0
2024-05-27 17:00:00,284.97,10000,283.05,284.51,1021.0,6.17,100,0.0,0.0
2024-05-27 16:00:00,285.05,10000,283.3,284.62,1020.0,5.66,100,0.0,0.0
2024-05-27 15:00:00,285.04,10000,283.12,284.58,1020.0,5.66,100,0.0,0.0
2024-05-27 14:00:00,284.58,10000,283.0,284.13,1020.0,5.66,100,0.0,0.0
2024-05-27 13:00:00,284.1,10000,282.85,283.65,1020.0,6.17,100,0.0,0.0
2024-05-27 12:00:00,284.0,10000,282.91,283.57,1020.0,5.66,100,0.0,0.0
2024-05-27 11:00:00,283.97,10000,282.88,283.54,1020.0,7.2,100,0.0,0.0
2024-05-27 10:00:00,284.0,10000,282.91,283.57,1020.0,5.14,75,0.0,0.0
2024-05-27 09:00:00,284.12,10000,283.03,283.7,1020.0,6.17,100,0.0,0.0
2024-05-27 08:00:00,284.13,10000,283.04,283.71,1020.0,4.63,100,0.0,0.0
2024-05-27 07:00:00,284.26,10000,283.01,283.83,1020.0,5.66,100,0.0,0.0
2024-05-27 06:00:00,284.34,10000,283.25,283.94,1020.0,5.66,100,0.0,0.0
2024-05-27 05:00:00,284.58,10000,283.49,284.21,1020.0,6.69,100,0.0,0.0
2024-05-27 04:00:00,284.57,10000,283.48,284.2,1020.0,6.69,100,0.0,0.0
2024-05-27 03:00:00,284.49,10000,283.56,284.13,1020.0,8.75,100,0.0,0.0
2024-05-27 02:00:00,284.5,10000,283.57,284.15,1020.0,7.72,75,0.0,0.0
2024-05-27 01:00:00,284.54,10000,283.61,284.19,1020.0,6.69,100,0.0,0.0
2024-05-27 00:00:00,284.74,10000,283.65,284.38,1020.0,7.72,100,0.0,0.0
2024-05-26 23:00:00,284.48,10000,283.39,284.1,1020.0,9.26,100,0.0,0.0
2024-05-26 22:00:00,284.52,10000,283.43,284.14,1020.0,10.29,100,0.0,0.0
2024-05-26 21:00:00,284.24,10000,283.31,283.86,1020.0,10.29,100,0.0,0.0
2024-05-26 20:00:00,283.85,10000,283.08,283.46,1019.0,7.72,100,0.0,0.0
2024-05-26 19:00:00,283.01,10000,282.4,279.58,1019.0,8.23,100,0.0,0.0
